weekday,time,ewm12_volatility,sample_count
Friday,00:00,-0.003112959822426921,8
Friday,00:05,-0.0019485081528966117,8
Friday,00:10,-0.0007180097016742759,8
Friday,00:15,-4.309487037086893e-05,8
Friday,00:20,-0.0013913425811848703,8
Friday,00:25,-0.001901361679413766,8
Friday,00:30,-0.001589563766567988,8
Friday,00:35,0.0002789594996590448,8
Friday,00:40,-0.00013321681589337607,8
Friday,00:45,-3.9980858157487705e-05,8
Friday,00:50,0.0012683654473919798,8
Friday,00:55,0.00040837241292431524,8
Friday,01:00,0.0005120532583746429,8
Friday,01:05,0.00018729248148394474,8
Friday,01:10,-0.0011893430867493554,8
Friday,01:15,-0.000741033092984948,8
Friday,01:20,0.00010720049235488346,8
Friday,01:25,0.0011220591622831332,8
Friday,01:30,0.0004914631618829654,8
Friday,01:35,-0.001902923139924626,8
Friday,01:40,0.00022851045436684568,8
Friday,01:45,0.001068600207651948,8
Friday,01:50,-0.0002506858341750814,8
Friday,01:55,-0.0007338744025828244,8
Friday,02:00,0.00045453920544632337,8
Friday,02:05,7.507793706695615e-05,8
Friday,02:10,0.00031495707758993723,8
Friday,02:15,0.0018408748858735296,8
Friday,02:20,0.0015110190669572268,8
Friday,02:25,0.0007632295966223496,8
Friday,02:30,-1.203549061450722e-05,8
Friday,02:35,0.0011955364435996462,8
Friday,02:40,0.0017715729534991493,8
Friday,02:45,0.0015488598242879787,8
Friday,02:50,0.0017809425613311395,8
Friday,02:55,0.002566274810075441,8
Friday,03:00,0.0026679833815513206,8
Friday,03:05,0.0038090725040304564,8
Friday,03:10,0.00038323556398901836,8
Friday,03:15,0.0023757183174054424,8
Friday,03:20,-0.0012111129886240115,8
Friday,03:25,0.001500575884707176,8
Friday,03:30,0.001406304028624896,8
Friday,03:35,0.0010547584189032973,8
Friday,03:40,0.0006554944767805434,8
Friday,03:45,5.6018687622501464e-05,8
Friday,03:50,-0.000492452203551314,8
Friday,03:55,-0.0009952609061669598,8
Friday,04:00,-0.0011984139117769107,8
Friday,04:05,-0.0020415468738654973,8
Friday,04:10,-0.001780006345505773,8
Friday,04:15,-0.001235881590309765,8
Friday,04:20,-0.0008877246677148182,8
Friday,04:25,-0.00023777823855172586,8
Friday,04:30,-0.0004378432470113292,8
Friday,04:35,-0.001413547598423672,8
Friday,04:40,-0.0015093723504113123,8
Friday,04:45,-0.0006193949745260464,8
Friday,04:50,-0.0003451036360736903,8
Friday,04:55,0.0005318894607830687,8
Friday,05:00,0.0009701765627986629,8
Friday,05:05,0.0012523045429111404,8
Friday,05:10,0.0015712727725216793,8
Friday,05:15,0.001921142064906779,8
Friday,05:20,0.0010789125383750921,8
Friday,05:25,0.0008716810318027586,8
Friday,05:30,0.0006710919562353504,8
Friday,05:35,2.1802961131242105e-06,8
Friday,05:40,-0.000827796932092605,8
Friday,05:45,-0.00023559757442049992,8
Friday,05:50,0.0007354744606789955,8
Friday,05:55,0.0011077473421824027,8
Friday,06:00,7.348475868079717e-05,8
Friday,06:05,0.00037099371316324614,8
Friday,06:10,-8.58934193522451e-05,8
Friday,06:15,-0.00025444393383591455,8
Friday,06:20,-0.00039711219076448285,8
Friday,06:25,-0.00043349568995944976,8
Friday,06:30,-0.0012312818674676596,8
Friday,06:35,-0.001381136497111378,8
Friday,06:40,-0.0012464714835592875,8
Friday,06:45,-0.001090838176112657,8
Friday,06:50,-0.0014780907627624429,8
Friday,06:55,-0.0013079043035040421,8
Friday,07:00,0.0017164064880759273,8
Friday,07:05,0.0006483956074676376,8
Friday,07:10,-0.0007266004529899493,8
Friday,07:15,-0.00012213371703034527,8
Friday,07:20,8.24462129577448e-05,8
Friday,07:25,-0.0004511442151102969,8
Friday,07:30,0.00023803709421553102,8
Friday,07:35,-0.0014054719397250668,8
Friday,07:40,-0.0013151853827701025,8
Friday,07:45,-0.0007326682796566487,8
Friday,07:50,-0.00017605217000340583,8
Friday,07:55,-0.00013052863036851816,8
Friday,08:00,-0.001074377064040904,8
Friday,08:05,-0.00190730275359822,8
Friday,08:10,-0.00046880490143756236,8
Friday,08:15,4.2420633723481444e-05,8
Friday,08:20,-0.0007230796006096507,8
Friday,08:25,-0.0006471063932137089,8
Friday,08:30,-0.0010219678665492626,8
Friday,08:35,-0.0012149032567158656,8
Friday,08:40,-0.0016235844277659468,8
Friday,08:45,-0.0016198798741177754,8
Friday,08:50,-0.0014710151300367782,8
Friday,08:55,-0.0010426590471216755,8
Friday,09:00,-0.0011416594310830264,8
Friday,09:05,0.0015330489585920117,8
Friday,09:10,-0.0015947189543829626,8
Friday,09:15,-0.001511127554516952,8
Friday,09:20,-0.0012200883945700516,8
Friday,09:25,-0.003018779609771841,8
Friday,09:30,-0.0029707230548111285,8
Friday,09:35,-0.0033758941198709434,8
Friday,09:40,-0.003109105539409076,8
Friday,09:45,-0.0027353538628154587,8
Friday,09:50,-0.0022914151709723025,8
Friday,09:55,-0.0023824638222133946,8
Friday,10:00,-0.0016891212879108766,8
Friday,10:05,3.6142383332376604e-05,8
Friday,10:10,-0.0006464113851393632,8
Friday,10:15,-0.0010757787316173586,8
Friday,10:20,-0.0005893020281164291,8
Friday,10:25,-0.0011082917562100214,8
Friday,10:30,-0.001165264168345503,8
Friday,10:35,0.0006678908294691289,8
Friday,10:40,0.0012175225950741718,8
Friday,10:45,0.0012604224866863537,8
Friday,10:50,0.0010305306275520691,8
Friday,10:55,0.000214543709748897,8
Friday,11:00,-9.404064775137512e-05,8
Friday,11:05,-6.868741626412078e-05,8
Friday,11:10,-0.0012784635048006764,8
Friday,11:15,-0.0013827940107782617,8
Friday,11:20,-0.0025695075816988392,8
Friday,11:25,-0.001187559463605665,8
Friday,11:30,-0.002171188206268433,8
Friday,11:35,-0.002750407264386921,8
Friday,11:40,-0.002121025031784769,8
Friday,11:45,-0.0017258853478521817,8
Friday,11:50,-0.0026271730945113133,8
Friday,11:55,-0.0027122804811545013,8
Friday,12:00,-0.002102097194603626,8
Friday,12:05,-0.0025879429475062477,8
Friday,12:10,-0.0014292609112092234,8
Friday,12:15,-0.0006403119284931418,8
Friday,12:20,-0.0014945619756590654,8
Friday,12:25,-0.0019800113636644755,8
Friday,12:30,-0.0034234330030545237,8
Friday,12:35,-0.0030442493859658784,8
Friday,12:40,-0.002628667755437867,8
Friday,12:45,-0.0031161669395133353,8
Friday,12:50,-0.0018644656083048106,8
Friday,12:55,-0.0020958074554775813,8
Friday,13:00,-0.001110642658953715,8
Friday,13:05,-0.0006202394863953366,8
Friday,13:10,0.0008126228358603928,8
Friday,13:15,0.000565001131153268,8
Friday,13:20,0.0027807665743312037,8
Friday,13:25,0.0019856493374968663,8
Friday,13:30,0.0014904763421369227,8
Friday,13:35,0.0014885598003306362,8
Friday,13:40,0.001906587713186674,8
Friday,13:45,0.001720320587343623,8
Friday,13:50,0.002788845685783748,8
Friday,13:55,0.0024940397702574147,8
Friday,14:00,0.0013341921113340124,8
Friday,14:05,-0.00014430191576255785,8
Friday,14:10,0.0014726230116525183,8
Friday,14:15,-0.0002706912592028433,8
Friday,14:20,-0.0007481745449526008,8
Friday,14:25,-0.0004081288545849527,8
Friday,14:30,-0.0004629591907230267,8
Friday,14:35,0.0035340617893428847,8
Friday,14:40,-0.0011143566073639841,8
Friday,14:45,0.0025542312454241442,8
Friday,14:50,0.0009855920773964063,8
Friday,14:55,0.0024379494076139105,8
Friday,15:00,0.002717488572615647,8
Friday,15:05,0.0021726969527292744,8
Friday,15:10,0.0025914811889308866,8
Friday,15:15,0.004445210440252305,8
Friday,15:20,0.00224407513347168,8
Friday,15:25,0.00048552676655693166,8
Friday,15:30,0.0017298183904280052,8
Friday,15:35,0.00039012142542565196,8
Friday,15:40,-0.0019098762339634606,8
Friday,15:45,-0.0013723617131048758,8
Friday,15:50,-7.180038294202397e-05,8
Friday,15:55,-0.0015237614703518102,8
Friday,16:00,-0.00248126123686709,8
Friday,16:05,-0.0036369481891643527,8
Friday,16:10,-0.0032277048365322884,8
Friday,16:15,-0.003909696928180011,8
Friday,16:20,-0.0015281057598991279,8
Friday,16:25,0.00046190610054225214,8
Friday,16:30,0.0007369601273871407,8
Friday,16:35,0.001167319972787492,8
Friday,16:40,-0.00010891416616908093,8
Friday,16:45,0.0008791312725181385,8
Friday,16:50,0.0005487089832851097,8
Friday,16:55,-0.0007220948757474037,8
Friday,17:00,-0.0009155387027700683,8
Friday,17:05,-0.00044835419828126184,8
Friday,17:10,0.00047209026512805025,8
Friday,17:15,0.0007377896247969807,9
Friday,17:20,0.0008750566011410669,9
Friday,17:25,0.000646491675632412,9
Friday,17:30,0.0002953301266900316,9
Friday,17:35,0.0008152725959039412,9
Friday,17:40,0.00013881105715705353,9
Friday,17:45,0.0009575900692464672,9
Friday,17:50,0.00019629665746074827,9
Friday,17:55,1.4691549893146153e-05,9
Friday,18:00,-0.0006371121073370237,9
Friday,18:05,-0.000238851010346483,9
Friday,18:10,0.0005307655737072465,9
Friday,18:15,0.0006155039590192703,9
Friday,18:20,0.0006105887237713535,9
Friday,18:25,0.000606910813221108,9
Friday,18:30,0.00047973716647065187,9
Friday,18:35,-0.00108585245177191,9
Friday,18:40,0.0007389806423782388,9
Friday,18:45,0.0002408932507572309,9
Friday,18:50,0.0002185639011764907,9
Friday,18:55,0.0002697103924695479,9
Friday,19:00,-0.0007211991568332819,9
Friday,19:05,-0.0009166096518824697,9
Friday,19:10,-0.0005537060991721641,9
Friday,19:15,0.0007185555154238868,9
Friday,19:20,0.0027078056901984745,9
Friday,19:25,0.0036625156337143296,9
Friday,19:30,0.002964075943886433,9
Friday,19:35,0.00291760479418197,9
Friday,19:40,0.002614811491038137,9
Friday,19:45,0.001983499606511578,9
Friday,19:50,0.002596190932347575,9
Friday,19:55,0.0024781413980509504,9
Friday,20:00,0.0013313996783684491,9
Friday,20:05,0.00010037443715532073,9
Friday,20:10,-0.00021012437230314432,9
Friday,20:15,9.712314434731664e-05,9
Friday,20:20,-6.612434992233956e-05,9
Friday,20:25,-0.0010025975586528076,9
Friday,20:30,-0.001238631226293068,9
Friday,20:35,-0.001709595430618328,9
Friday,20:40,-0.001100176864121601,9
Friday,20:45,-2.297182834273622e-05,9
Friday,20:50,0.00032732353167262484,9
Friday,20:55,-0.00058330123609431,9
Friday,21:00,-0.00038277378916056653,9
Friday,21:05,-0.00023969877716138217,9
Friday,21:10,-8.979297615014148e-05,9
Friday,21:15,0.00029796363019003226,9
Friday,21:20,-5.916008241900261e-06,9
Friday,21:25,-2.2552265050704837e-05,9
Friday,21:30,9.680266119150049e-05,9
Friday,21:35,1.3310965629537559e-05,9
Friday,21:40,0.000590959418429973,9
Friday,21:45,0.0002841772856122799,9
Friday,21:50,0.00023128097468599597,9
Friday,21:55,-1.8465053172574783e-05,9
Friday,22:00,9.546491139757939e-05,9
Friday,22:05,0.0005641462151753238,9
Friday,22:10,0.0010880796522326464,9
Friday,22:15,0.000937690400096949,9
Friday,22:20,0.0011499929499338233,9
Friday,22:25,0.0004317684646112444,9
Friday,22:30,0.0004824491589956241,9
Friday,22:35,0.0006955899739892724,9
Friday,22:40,0.0007426325368808019,9
Friday,22:45,0.0003752127804030024,9
Friday,22:50,0.0002045031232827249,9
Friday,22:55,3.06795541624252e-05,9
Friday,23:00,-6.965333579937288e-05,9
Friday,23:05,-0.0008712511501401412,9
Friday,23:10,-0.0008374190586900396,9
Friday,23:15,-0.0005506449085747721,9
Friday,23:20,-0.00027517629572065355,9
Friday,23:25,-0.00016964272768002606,9
Friday,23:30,-0.0002799698246708261,9
Friday,23:35,-0.00021141604278636882,9
Friday,23:40,-0.00016545407118368174,9
Friday,23:45,4.2248158157841444e-05,9
Friday,23:50,0.00016713526998091353,9
Friday,23:55,-0.0002355077413858459,9
Monday,00:00,0.0009842048027954332,9
Monday,00:05,0.0013048432110852558,9
Monday,00:10,0.0012834433298067726,9
Monday,00:15,0.0005830689132189929,9
Monday,00:20,0.00029975630782666236,9
Monday,00:25,0.0006106494946725438,9
Monday,00:30,0.000561108547476958,9
Monday,00:35,0.0010888261228862509,9
Monday,00:40,0.0011297640728552957,9
Monday,00:45,-0.00017192192772517702,9
Monday,00:50,0.0004223846531587905,9
Monday,00:55,-0.0009905690231518953,9
Monday,01:00,-0.002336444248837578,9
Monday,01:05,-0.002185852025888376,9
Monday,01:10,-0.0004884443649947174,9
Monday,01:15,0.0015755408412274964,9
Monday,01:20,-0.0008777986073354188,9
Monday,01:25,-0.0009923046871716126,9
Monday,01:30,-0.0003565416582369712,9
Monday,01:35,-0.00010679286816099123,9
Monday,01:40,0.00013487857533983405,9
Monday,01:45,0.0004643064739188636,9
Monday,01:50,-0.0002303267942825469,9
Monday,01:55,-0.00022440405173182687,9
Monday,02:00,-0.00034526243062718445,9
Monday,02:05,0.0002637943503835794,9
Monday,02:10,0.0006816300570044482,9
Monday,02:15,0.0012890612604334573,9
Monday,02:20,0.0008610932423638348,9
Monday,02:25,0.00046666484604719665,9
Monday,02:30,0.0008061031786108127,9
Monday,02:35,0.00026863074523935233,9
Monday,02:40,4.8677176255469646e-08,9
Monday,02:45,-0.0010594122175599807,9
Monday,02:50,-0.002273306447916633,9
Monday,02:55,-0.0015656297719410244,9
Monday,03:00,-0.0007436798011344558,9
Monday,03:05,-0.0005182325633190621,9
Monday,03:10,-0.001742472730186419,9
Monday,03:15,-0.0004970852768701867,9
Monday,03:20,7.494163755498195e-05,9
Monday,03:25,0.0004654850029426422,9
Monday,03:30,0.00022177841982510182,9
Monday,03:35,-0.0015102015571131686,9
Monday,03:40,-0.0015952563308213026,9
Monday,03:45,0.0002027035939396399,9
Monday,03:50,7.642537537706361e-05,9
Monday,03:55,-0.00019855334151197584,9
Monday,04:00,-0.00019124918320613326,9
Monday,04:05,0.00022763348741713097,9
Monday,04:10,0.0007677560856152389,9
Monday,04:15,-0.0006763952262126443,9
Monday,04:20,-0.0027543336201313103,9
Monday,04:25,-0.001818487703721682,9
Monday,04:30,-0.0012537554524817529,9
Monday,04:35,-5.252174801016941e-05,9
Monday,04:40,-5.6312489947497163e-05,9
Monday,04:45,-0.0005471884834515012,9
Monday,04:50,5.494434258002435e-05,9
Monday,04:55,0.0005056293041820076,9
Monday,05:00,0.00016310068168888625,9
Monday,05:05,0.0004093859963287901,9
Monday,05:10,0.0005437695100095914,9
Monday,05:15,0.0005615731656558059,9
Monday,05:20,0.00034066403249244907,9
Monday,05:25,0.00010668308524543194,9
Monday,05:30,0.0007380316275510386,9
Monday,05:35,8.979873154696563e-05,9
Monday,05:40,7.110258831756925e-05,9
Monday,05:45,7.689107439401674e-05,9
Monday,05:50,-7.977657442932135e-05,9
Monday,05:55,-0.0003505034184146107,9
Monday,06:00,-0.0003246174550152228,9
Monday,06:05,-0.00042827703519672414,9
Monday,06:10,-0.0013875853070408673,9
Monday,06:15,-0.0015350075493041043,9
Monday,06:20,-0.0008269689925856072,9
Monday,06:25,-0.0007613400709514615,9
Monday,06:30,-0.0008609546020934238,9
Monday,06:35,-0.00025658635984939415,9
Monday,06:40,-0.0005865261841636474,9
Monday,06:45,0.000562906088338518,9
Monday,06:50,0.000558682369054716,9
Monday,06:55,0.0004113628166328519,9
Monday,07:00,0.00025457184850477126,9
Monday,07:05,3.726185761838239e-05,9
Monday,07:10,-0.00027428755351660854,9
Monday,07:15,1.655590005299909e-05,9
Monday,07:20,-0.00029298426173972314,9
Monday,07:25,0.0016394018588947385,9
Monday,07:30,0.0006233236947405023,9
Monday,07:35,0.0009912796858611512,9
Monday,07:40,0.0011256476081830163,9
Monday,07:45,0.0007245416557822662,9
Monday,07:50,0.0007919865300721127,9
Monday,07:55,0.0007214538633788236,9
Monday,08:00,0.00077157081579364,9
Monday,08:05,0.0007676589665471299,9
Monday,08:10,0.0007683144426980538,9
Monday,08:15,0.00013658113613956182,9
Monday,08:20,0.0005040047760577957,9
Monday,08:25,0.00012942530120161995,9
Monday,08:30,-0.00028210152015576155,9
Monday,08:35,-0.0007135237754647448,9
Monday,08:40,-0.0008021935084666584,9
Monday,08:45,-0.0007212779605210867,9
Monday,08:50,-0.0003822023920113386,9
Monday,08:55,0.00035321930104745367,9
Monday,09:00,0.0008020133210990752,9
Monday,09:05,0.001676876818288909,9
Monday,09:10,0.0010606907700126504,9
Monday,09:15,-0.0004659663006653697,9
Monday,09:20,0.0005855385623216117,9
Monday,09:25,-0.0002811751075277254,9
Monday,09:30,-9.246569722886572e-05,9
Monday,09:35,-0.0010212912347840602,9
Monday,09:40,-0.001041723588304674,9
Monday,09:45,-0.0006635582094192777,9
Monday,09:50,-0.0011174632872344163,9
Monday,09:55,-0.0016413854136706723,9
Monday,10:00,-0.0012239960238223542,9
Monday,10:05,-0.0003173507168321389,9
Monday,10:10,-3.358220135374824e-05,9
Monday,10:15,-0.0003353381853810903,9
Monday,10:20,-0.00047124806915438205,9
Monday,10:25,-0.0007675472662014527,9
Monday,10:30,-0.0012483283775258777,9
Monday,10:35,-0.00027010248142297054,9
Monday,10:40,-0.00010482376801343784,9
Monday,10:45,-0.000441382780252124,9
Monday,10:50,-0.00015302877628701916,9
Monday,10:55,-0.0003318438327977813,9
Monday,11:00,-0.0008710576984137377,9
Monday,11:05,-0.0007387550219089131,9
Monday,11:10,-0.00032415986138156517,9
Monday,11:15,2.216819341465967e-05,9
Monday,11:20,-0.00017810930099065742,9
Monday,11:25,0.00011786648951074268,9
Monday,11:30,0.00048711056600532775,9
Monday,11:35,0.0009469744003523042,9
Monday,11:40,0.0007307876366548049,9
Monday,11:45,0.0009467486637415206,9
Monday,11:50,0.0012624427901550676,9
Monday,11:55,0.00016237025302888344,9
Monday,12:00,6.789299085022298e-05,9
Monday,12:05,-0.001228699505546319,9
Monday,12:10,-0.001963748614755096,9
Monday,12:15,-0.002017000012903701,9
Monday,12:20,-0.0016442893678882574,9
Monday,12:25,-0.0011649674269745601,9
Monday,12:30,0.0009541219232388056,9
Monday,12:35,0.00032006549212964164,9
Monday,12:40,-0.00036067713151262447,9
Monday,12:45,-0.0005963754443909407,9
Monday,12:50,-0.0003603404519491942,9
Monday,12:55,-0.0010305239948008762,9
Monday,13:00,-0.0009733481057060947,9
Monday,13:05,-0.0005988961124414986,9
Monday,13:10,-0.0006601610913629946,9
Monday,13:15,-0.0007351187973093964,9
Monday,13:20,-0.0012980709877943911,9
Monday,13:25,-0.0011137766454779492,9
Monday,13:30,-0.000353078581491298,9
Monday,13:35,-0.00031844073805850284,9
Monday,13:40,-0.00031239418571352845,9
Monday,13:45,5.6506564324636504e-05,9
Monday,13:50,0.0002325470861460665,9
Monday,13:55,0.00045780700918407274,9
Monday,14:00,0.00017927553391728756,9
Monday,14:05,-0.00010118258088637014,9
Monday,14:10,0.0002688734236839962,9
Monday,14:15,-0.00013720856400031216,9
Monday,14:20,-0.00043144825825974526,9
Monday,14:25,-0.001483247420705352,9
Monday,14:30,-0.001447101917579617,9
Monday,14:35,-0.0013115950548505445,9
Monday,14:40,-0.0016821690624793792,9
Monday,14:45,-0.0019894491845308497,9
Monday,14:50,-0.0014474673923836052,9
Monday,14:55,-0.0005831500292335451,9
Monday,15:00,-0.0008298800885908895,9
Monday,15:05,-0.0015182194464447426,9
Monday,15:10,-0.0016710383803965035,9
Monday,15:15,-0.0038291752596765604,9
Monday,15:20,-0.004030283760459275,9
Monday,15:25,-0.0057822240725961226,9
Monday,15:30,-0.00489503033831441,9
Monday,15:35,-0.008650864348926658,9
Monday,15:40,-0.0076421900349291985,9
Monday,15:45,-0.007252750629900358,9
Monday,15:50,-0.003705713564011893,9
Monday,15:55,-0.0031246219226434254,9
Monday,16:00,-0.0023972091983420494,9
Monday,16:05,-0.0024158726624157398,9
Monday,16:10,-0.00403872351683713,9
Monday,16:15,-0.0017252961689078817,9
Monday,16:20,0.0001846755255454467,9
Monday,16:25,0.0021087272310397484,9
Monday,16:30,0.002114979210768555,9
Monday,16:35,0.0011455425121514788,9
Monday,16:40,0.0028106622147138502,9
Monday,16:45,0.0028542804463306897,9
Monday,16:50,0.00044822118475853654,9
Monday,16:55,0.001041310134703819,9
Monday,17:00,0.0010991919444034957,9
Monday,17:05,0.0007635474047230383,9
Monday,17:10,0.00015942949073775858,9
Monday,17:15,-0.0004725610277077981,9
Monday,17:20,-9.079207103295867e-05,9
Monday,17:25,0.0005759035629611501,9
Monday,17:30,0.0017148935658174473,9
Monday,17:35,0.0020695572566753937,9
Monday,17:40,0.0020332351246599724,9
Monday,17:45,0.0022507958041587794,9
Monday,17:50,0.0016668671206881772,9
Monday,17:55,0.0014080122572210265,9
Monday,18:00,0.0011285173080781738,9
Monday,18:05,0.0012608860676794475,9
Monday,18:10,0.001685300476188632,9
Monday,18:15,0.0007402699265839341,9
Monday,18:20,0.001118070743630063,9
Monday,18:25,0.00043971425459769125,9
Monday,18:30,-0.0007962598000760889,9
Monday,18:35,-0.0005227304045848476,9
Monday,18:40,-0.0008336560988349101,9
Monday,18:45,8.497665256598089e-05,9
Monday,18:50,-0.00037287474388448367,9
Monday,18:55,-0.0014552070736542947,9
Monday,19:00,-0.0017914222432715782,9
Monday,19:05,-0.00276269389198186,9
Monday,19:10,-0.002268518255418024,9
Monday,19:15,-0.001284339986489283,9
Monday,19:20,-0.0008583635479166973,9
Monday,19:25,-0.0009485140199325719,9
Monday,19:30,-0.0006260102771877034,9
Monday,19:35,0.0003973827764217198,9
Monday,19:40,0.0003891141063221199,9
Monday,19:45,-0.0007502015302437908,9
Monday,19:50,1.5289827435652454e-05,9
Monday,19:55,-0.00011198174200247179,9
Monday,20:00,-0.0006482100413879747,9
Monday,20:05,-0.00045090979241742073,9
Monday,20:10,-0.0010803730157815774,9
Monday,20:15,-0.0019453299153341223,9
Monday,20:20,-0.0009380986928781822,9
Monday,20:25,0.0005290928845098263,9
Monday,20:30,0.00012992073250372174,9
Monday,20:35,-0.0006056865926478048,9
Monday,20:40,0.00013799212101254854,9
Monday,20:45,0.0016315249885106198,9
Monday,20:50,-0.00023303963427070664,9
Monday,20:55,9.311670696864706e-05,9
Monday,21:00,0.000971421222371874,9
Monday,21:05,0.0012503147114600345,9
Monday,21:10,0.0005036262078972166,9
Monday,21:15,-0.00047923577263863444,9
Monday,21:20,-0.0008403857703322387,9
Monday,21:25,-6.183334250657417e-06,9
Monday,21:30,0.0011398148306673145,9
Monday,21:35,0.0013983525014168163,9
Monday,21:40,0.0015851615374488663,9
Monday,21:45,0.0019129436087680525,9
Monday,21:50,0.0014814914628831306,9
Monday,21:55,0.0013292253949739644,9
Monday,22:00,0.0008492779489354644,9
Monday,22:05,-9.04839672015779e-05,9
Monday,22:10,-9.945450804828274e-05,9
Monday,22:15,-0.0003402558718510983,9
Monday,22:20,0.00030812310362434016,9
Monday,22:25,-0.00018098863234467576,9
Monday,22:30,-0.00021162977983729678,9
Monday,22:35,8.054283285516633e-05,9
Monday,22:40,0.0002758350189889969,9
Monday,22:45,-0.00014374011435915466,9
Monday,22:50,0.0008688244731198528,9
Monday,22:55,4.5693359679199264e-05,9
Monday,23:00,5.4559002319959306e-05,9
Monday,23:05,0.00107610279413394,9
Monday,23:10,-0.00036123307294587626,9
Monday,23:15,0.00021264519857096443,9
Monday,23:20,0.0001450122094218407,9
Monday,23:25,0.0007407296447770828,9
Monday,23:30,0.0006698546340071687,9
Monday,23:35,0.0007324532531162912,9
Monday,23:40,0.0001376838573183492,9
Monday,23:45,0.0003225621336110442,9
Monday,23:50,-0.00022935910207351804,9
Monday,23:55,8.908773932275255e-05,9
Saturday,00:00,-0.00022400313945036146,9
Saturday,00:05,-0.0006225163395697864,9
Saturday,00:10,-0.0002928351980846644,9
Saturday,00:15,-0.00020659337484422506,9
Saturday,00:20,-0.0005774022362697897,9
Saturday,00:25,-0.0003442026730561002,9
Saturday,00:30,-0.0005075677887773418,9
Saturday,00:35,-0.0005138782529181589,9
Saturday,00:40,-0.0004003662519451711,9
Saturday,00:45,0.00011655364616046932,9
Saturday,00:50,-0.00118739852983984,9
Saturday,00:55,0.0001279826485953878,9
Saturday,01:00,0.00033177795193598875,9
Saturday,01:05,-0.00022885515159756518,9
Saturday,01:10,-0.00032166069090834234,9
Saturday,01:15,0.0008571044011403096,9
Saturday,01:20,0.0006832708408579563,9
Saturday,01:25,0.0005142926670118744,9
Saturday,01:30,0.0008076572366454652,9
Saturday,01:35,0.0007635008676076988,9
Saturday,01:40,0.00040548358072285483,9
Saturday,01:45,0.00021438762751193103,9
Saturday,01:50,0.00038568682301733424,9
Saturday,01:55,8.956865939053721e-05,9
Saturday,02:00,0.0001677124194580079,9
Saturday,02:05,-0.0006256746892835752,9
Saturday,02:10,-0.0006797827268149198,9
Saturday,02:15,-0.0002398998177784753,9
Saturday,02:20,0.0002404366764536165,9
Saturday,02:25,-0.000150655055289901,9
Saturday,02:30,-0.0002893818760590814,9
Saturday,02:35,-0.0010028496388923601,9
Saturday,02:40,-0.0005901370040335294,9
Saturday,02:45,0.00028107195949968357,9
Saturday,02:50,0.00031320301160156093,9
Saturday,02:55,0.00040714125478440014,9
Saturday,03:00,0.0006053231772743858,9
Saturday,03:05,0.0012198087261014404,9
Saturday,03:10,0.001397256982556121,9
Saturday,03:15,0.001440002378960308,9
Saturday,03:20,0.0019459353730109522,9
Saturday,03:25,0.0014424501510508026,9
Saturday,03:30,0.0012156197265490417,9
Saturday,03:35,0.001165789694152376,9
Saturday,03:40,0.0002624354310588674,9
Saturday,03:45,0.00025843275187534444,9
Saturday,03:50,-0.0002003784475081976,9
Saturday,03:55,0.00015868147932278414,9
Saturday,04:00,-2.207306751027788e-05,9
Saturday,04:05,-0.0007365353221958021,9
Saturday,04:10,-0.0014723107065376727,9
Saturday,04:15,-0.0013374100551444698,9
Saturday,04:20,-0.001361607505482885,9
Saturday,04:25,-0.0008257364532855153,9
Saturday,04:30,-0.0012956663852400335,9
Saturday,04:35,8.806261037525191e-05,9
Saturday,04:40,-0.00013692109628618538,9
Saturday,04:45,0.00021956400620840163,9
Saturday,04:50,8.247454966385664e-05,9
Saturday,04:55,0.00046636357901665783,9
Saturday,05:00,0.0005060651376478497,9
Saturday,05:05,0.0006294911514628636,9
Saturday,05:10,0.000254770116971423,9
Saturday,05:15,-9.30205142774551e-05,9
Saturday,05:20,-5.166834455305459e-05,9
Saturday,05:25,-0.0005758123663717427,9
Saturday,05:30,-0.00033224386019696956,9
Saturday,05:35,-7.783107059313406e-05,9
Saturday,05:40,0.00010540771240358876,9
Saturday,05:45,-0.00033477334892503466,9
Saturday,05:50,-1.851985174351707e-05,9
Saturday,05:55,-8.491090012183232e-05,9
Saturday,06:00,-0.00045367389823287337,9
Saturday,06:05,-0.0003077699024968301,9
Saturday,06:10,-0.0005171114299433197,9
Saturday,06:15,-7.322654440403428e-05,9
Saturday,06:20,-0.0002535384091101792,9
Saturday,06:25,-0.00028683911679343923,9
Saturday,06:30,-0.00024566551797008344,9
Saturday,06:35,0.00020603998371581598,9
Saturday,06:40,-0.0001360002955067128,9
Saturday,06:45,-0.0007434662674007041,9
Saturday,06:50,-0.0004576551593274361,9
Saturday,06:55,-0.0004171247809396677,9
Saturday,07:00,-0.00025495536984219,9
Saturday,07:05,-0.000116756432935023,9
Saturday,07:10,0.0001656685381990634,9
Saturday,07:15,0.0002997071464437597,9
Saturday,07:20,0.0002498377766634452,9
Saturday,07:25,0.0002977514267172883,9
Saturday,07:30,7.082932113531377e-05,9
Saturday,07:35,-0.000726918304430326,9
Saturday,07:40,-7.859780718924682e-06,9
Saturday,07:45,-1.6765103017904408e-05,9
Saturday,07:50,-0.00017359382048020858,9
Saturday,07:55,3.326931931554396e-05,9
Saturday,08:00,0.0003578556986007497,9
Saturday,08:05,5.123180581479954e-05,9
Saturday,08:10,0.0004453126577426151,9
Saturday,08:15,0.0002932187446000443,9
Saturday,08:20,0.00015799416356855966,9
Saturday,08:25,3.252444936894573e-05,9
Saturday,08:30,4.4097880526557275e-05,9
Saturday,08:35,0.00024155897777461714,9
Saturday,08:40,0.00027075774476636874,9
Saturday,08:45,-7.522229463465644e-05,9
Saturday,08:50,-0.00014595567824937818,9
Saturday,08:55,-0.00016137085069493337,9
Saturday,09:00,-0.00046015286360156875,9
Saturday,09:05,-0.0003701638455423154,9
Saturday,09:10,-0.00011326507293717736,9
Saturday,09:15,0.00029412240305391556,9
Saturday,09:20,-4.6042349960633156e-05,9
Saturday,09:25,-2.364267732159269e-06,9
Saturday,09:30,-0.000213394900471847,9
Saturday,09:35,0.00045690381163756796,9
Saturday,09:40,0.0004277212895822392,9
Saturday,09:45,-0.00047725139940778526,9
Saturday,09:50,-0.0006492171290221844,9
Saturday,09:55,-0.0009083960200058863,9
Saturday,10:00,-0.0006959573805079924,9
Saturday,10:05,-0.0007029005905479251,9
Saturday,10:10,-0.0006862139072612827,9
Saturday,10:15,-0.0006166262503887935,9
Saturday,10:20,-0.000614844371911025,9
Saturday,10:25,-0.0005585003204241165,9
Saturday,10:30,-0.0001175267930910827,9
Saturday,10:35,-1.4285528022208208e-05,9
Saturday,10:40,2.3752275828980017e-05,9
Saturday,10:45,0.0005219368321122721,9
Saturday,10:50,0.0003164850891556292,9
Saturday,10:55,0.0003808857329112675,9
Saturday,11:00,4.042546684664506e-05,9
Saturday,11:05,0.0003666284703949978,9
Saturday,11:10,0.0007244959682963172,9
Saturday,11:15,0.0005099993492781402,9
Saturday,11:20,0.00032196716418116784,9
Saturday,11:25,0.00018418403952219302,9
Saturday,11:30,-0.00014978297376941417,9
Saturday,11:35,-0.000387366437908645,9
Saturday,11:40,-0.0002278428828697671,9
Saturday,11:45,-0.00010181958502107958,9
Saturday,11:50,5.631669425076855e-05,9
Saturday,11:55,-1.4945863994812028e-05,9
Saturday,12:00,-6.710078991643846e-05,9
Saturday,12:05,-7.103491947478262e-05,9
Saturday,12:10,-3.928373681040193e-06,9
Saturday,12:15,-0.0005162569641703271,9
Saturday,12:20,-0.00040493010326745846,9
Saturday,12:25,-0.00047709324340456717,9
Saturday,12:30,-0.00012736268667436703,9
Saturday,12:35,5.807899055901361e-05,9
Saturday,12:40,9.443391344676325e-05,9
Saturday,12:45,-0.00027125953501335777,9
Saturday,12:50,-0.0004172514910164081,9
Saturday,12:55,-0.00018033281314169838,9
Saturday,13:00,9.602503658680154e-05,9
Saturday,13:05,-0.0003829988782446735,9
Saturday,13:10,-0.00035234902244226366,9
Saturday,13:15,-0.00036567206940239707,9
Saturday,13:20,0.0002521080117595483,9
Saturday,13:25,6.365689111445354e-06,9
Saturday,13:30,0.0001392460940541747,9
Saturday,13:35,1.2223918183772417e-05,9
Saturday,13:40,-0.00028118593797131817,9
Saturday,13:45,0.0001360743952957379,9
Saturday,13:50,0.00015499844630929168,9
Saturday,13:55,5.302745226955629e-05,9
Saturday,14:00,0.00031226296241415087,9
Saturday,14:05,0.00013558596970486225,9
Saturday,14:10,-0.0005086176679898375,9
Saturday,14:15,-0.00019588338091408467,9
Saturday,14:20,-0.00017638964564746103,9
Saturday,14:25,-0.00023047035005619392,9
Saturday,14:30,-0.00019414046418644341,9
Saturday,14:35,0.00017517002070340605,9
Saturday,14:40,0.0003721552018976637,9
Saturday,14:45,0.00027317248862336445,9
Saturday,14:50,0.00041387023837012674,9
Saturday,14:55,0.0003653973324667356,9
Saturday,15:00,0.00033714663414031825,9
Saturday,15:05,0.0005060431948954192,9
Saturday,15:10,0.0001949115683632733,9
Saturday,15:15,0.0005396264743744391,9
Saturday,15:20,0.0003266195210665326,9
Saturday,15:25,1.603663448141796e-05,9
Saturday,15:30,0.0002301837708104532,9
Saturday,15:35,-3.796549260487969e-05,9
Saturday,15:40,-0.00031769451447923584,9
Saturday,15:45,-5.1297357756117794e-05,9
Saturday,15:50,0.0001584726298003612,9
Saturday,15:55,0.0003157713659545904,9
Saturday,16:00,0.0006545188604896638,9
Saturday,16:05,0.0004546669018353854,9
Saturday,16:10,0.0007286097716113886,9
Saturday,16:15,0.0007321570410615938,9
Saturday,16:20,0.0008064160347897848,9
Saturday,16:25,0.0005933266098876021,9
Saturday,16:30,0.00034357968202619886,9
Saturday,16:35,0.0006357768945738897,9
Saturday,16:40,0.0007032068824616286,9
Saturday,16:45,0.0005776427701952502,9
Saturday,16:50,0.0006619360667366256,9
Saturday,16:55,0.0006500958917303618,9
Saturday,17:00,0.0005283292163648867,9
Saturday,17:05,-5.097436990501877e-05,9
Saturday,17:10,-0.0008528452760397102,9
Saturday,17:15,-0.0005210433339910615,9
Saturday,17:20,-0.0008085366200227582,9
Saturday,17:25,-0.00039648945348722686,9
Saturday,17:30,-0.00046501187652458185,9
Saturday,17:35,-0.00047231718669321697,9
Saturday,17:40,-2.667652155501575e-05,9
Saturday,17:45,-0.0001344275165232929,9
Saturday,17:50,-0.00020031097894962838,9
Saturday,17:55,-0.00039533456368595404,9
Saturday,18:00,-0.00019455538096192063,9
Saturday,18:05,-0.00015216493093977242,9
Saturday,18:10,0.00012855692341487247,9
Saturday,18:15,0.0003089796333729923,9
Saturday,18:20,0.0002559410228456008,9
Saturday,18:25,-3.838696465990631e-05,9
Saturday,18:30,-0.00010714089589088227,9
Saturday,18:35,-0.0001143536234601859,9
Saturday,18:40,-7.991089472877388e-05,9
Saturday,18:45,3.722964759616272e-05,9
Saturday,18:50,0.00024007023455959237,9
Saturday,18:55,0.00048798428111466996,9
Saturday,19:00,0.00036906470411597186,9
Saturday,19:05,6.0242190403736936e-05,9
Saturday,19:10,0.00028561110549734574,9
Saturday,19:15,0.0003367147223151123,9
Saturday,19:20,0.00012524668613177428,9
Saturday,19:25,-1.789459679556168e-05,9
Saturday,19:30,-0.00022325965388993028,9
Saturday,19:35,-0.000173270323333111,9
Saturday,19:40,-0.00012123569035793338,9
Saturday,19:45,-0.0001913196707623662,9
Saturday,19:50,-0.00017042640614349462,9
Saturday,19:55,4.2812356372865486e-05,9
Saturday,20:00,6.3271263566895e-05,9
Saturday,20:05,0.00011935580260558098,9
Saturday,20:10,-1.169000243653675e-05,9
Saturday,20:15,-4.551190495893707e-05,9
Saturday,20:20,0.0003010635945540503,9
Saturday,20:25,0.0005081912073195912,9
Saturday,20:30,0.000605220464497878,9
Saturday,20:35,0.00040701811307506904,9
Saturday,20:40,0.000503946446177898,9
Saturday,20:45,0.00031949521459753553,9
Saturday,20:50,0.00014970419750752194,9
Saturday,20:55,-8.615853930073433e-05,9
Saturday,21:00,-8.802310371771884e-06,9
Saturday,21:05,-2.795692134208333e-05,9
Saturday,21:10,-0.00020343122498617708,9
Saturday,21:15,-0.0003486841339663066,9
Saturday,21:20,-0.0003700860652811324,9
Saturday,21:25,-0.0004939895923578252,9
Saturday,21:30,-0.0004971906656267832,9
Saturday,21:35,-0.0003874483576569235,9
Saturday,21:40,-0.000535438511522244,9
Saturday,21:45,-0.0006383775135874351,9
Saturday,21:50,-0.0009045053428837506,9
Saturday,21:55,-0.0005956143821997731,9
Saturday,22:00,0.00024906285070540996,9
Saturday,22:05,-4.367475084865239e-05,9
Saturday,22:10,-0.000168922919589393,9
Saturday,22:15,0.00014603974572104523,9
Saturday,22:20,-0.0004818650513279885,9
Saturday,22:25,-0.00035487657209066424,9
Saturday,22:30,-0.00012680981156942356,9
Saturday,22:35,0.00010751251104886909,9
Saturday,22:40,8.82254565031507e-06,9
Saturday,22:45,4.186485336768227e-05,9
Saturday,22:50,6.812314545647312e-05,9
Saturday,22:55,0.0006101787395716233,9
Saturday,23:00,0.00039973241661739485,9
Saturday,23:05,0.0003266695250455299,9
Saturday,23:10,0.0002285665659868098,9
Saturday,23:15,0.0001796462813178204,9
Saturday,23:20,0.00017754420929021587,9
Saturday,23:25,0.00042632328504924814,9
Saturday,23:30,0.0003722876131757766,9
Saturday,23:35,0.0003283077898075287,9
Saturday,23:40,0.00013748772148940047,9
Saturday,23:45,4.089723047883971e-06,9
Saturday,23:50,3.081489791374365e-05,9
Saturday,23:55,0.00018587536215198102,9
Sunday,00:00,0.0003537454746155884,9
Sunday,00:05,0.00023768495544328313,9
Sunday,00:10,9.298761069741535e-05,9
Sunday,00:15,-8.178291583861002e-05,9
Sunday,00:20,-0.00031695750296954734,9
Sunday,00:25,9.999671084899335e-05,9
Sunday,00:30,0.0002530820997042572,9
Sunday,00:35,0.00027604718065327746,9
Sunday,00:40,-8.4138051812519e-05,9
Sunday,00:45,0.00015016993162985694,9
Sunday,00:50,-8.326924178367025e-06,9
Sunday,00:55,-8.502999358404973e-05,9
Sunday,01:00,-0.00030115034833242316,9
Sunday,01:05,-2.397695452008804e-05,9
Sunday,01:10,0.00036572744962185894,9
Sunday,01:15,0.0003893075636054034,9
Sunday,01:20,0.0004990895779149935,9
Sunday,01:25,0.0002445165053332612,9
Sunday,01:30,0.0004830688327826351,9
Sunday,01:35,-7.331092174329457e-05,9
Sunday,01:40,-0.00032877477896137814,9
Sunday,01:45,-0.00033462890659128176,9
Sunday,01:50,-0.000302759935061119,9
Sunday,01:55,-0.0002390147848277692,9
Sunday,02:00,-0.00045443541173114353,9
Sunday,02:05,-0.0004450595666485645,9
Sunday,02:10,-0.00014020519801253315,9
Sunday,02:15,-9.478278226161403e-05,9
Sunday,02:20,-0.00022070018076821604,9
Sunday,02:25,0.00017422038637296915,9
Sunday,02:30,0.000402330861873531,9
Sunday,02:35,0.0009697055699575614,9
Sunday,02:40,0.00024081469720480835,9
Sunday,02:45,0.0002852131772689893,9
Sunday,02:50,0.00037009627388060357,9
Sunday,02:55,1.7176136985431583e-05,9
Sunday,03:00,-3.2556021804969225e-05,9
Sunday,03:05,0.00010248052207897354,9
Sunday,03:10,4.57935745506305e-05,9
Sunday,03:15,-0.0001124003017244998,9
Sunday,03:20,8.402380451612241e-05,9
Sunday,03:25,-0.0002769019623422991,9
Sunday,03:30,-0.00018830686266602676,9
Sunday,03:35,7.109305303478364e-05,9
Sunday,03:40,-6.868955797407206e-05,9
Sunday,03:45,0.00032802713685531337,9
Sunday,03:50,0.00019673511993362566,9
Sunday,03:55,0.0003072574559203747,9
Sunday,04:00,0.0004481590109163041,9
Sunday,04:05,0.0005023873722564119,9
Sunday,04:10,0.0009043862519175009,9
Sunday,04:15,0.0008712014764528644,9
Sunday,04:20,0.000639037654256332,9
Sunday,04:25,0.000793117326067818,9
Sunday,04:30,0.0006013392538279062,9
Sunday,04:35,0.0004710976085703105,9
Sunday,04:40,0.0006312008509427797,9
Sunday,04:45,0.00019206155863223253,9
Sunday,04:50,-0.00015701821386298307,9
Sunday,04:55,-0.00048730257468751855,9
Sunday,05:00,-0.00015990162192791672,9
Sunday,05:05,-0.0006725393284204915,9
Sunday,05:10,-0.0008170209837833739,9
Sunday,05:15,0.00045407029093315555,9
Sunday,05:20,-9.159337713300079e-06,9
Sunday,05:25,-0.00033325500375931346,9
Sunday,05:30,-0.00011999697061321107,9
Sunday,05:35,-0.00043596472138634937,9
Sunday,05:40,-0.00048174057280844004,9
Sunday,05:45,0.0001398386963747845,9
Sunday,05:50,-0.0004815297250128588,9
Sunday,05:55,0.00013359550406703095,9
Sunday,06:00,-0.00010499355427404606,9
Sunday,06:05,0.00036649998753615035,9
Sunday,06:10,0.00018565017159224317,9
Sunday,06:15,5.909930392789758e-05,9
Sunday,06:20,-1.5464409132953956e-05,9
Sunday,06:25,-0.00018050851172723447,9
Sunday,06:30,8.648286222219355e-05,9
Sunday,06:35,-0.0001452241141252124,9
Sunday,06:40,0.0001972550229362277,9
Sunday,06:45,0.00013400302517976626,9
Sunday,06:50,-0.00012711281289199303,9
Sunday,06:55,-0.0004820272889501022,9
Sunday,07:00,-0.0004086665231835785,9
Sunday,07:05,-5.210464829104974e-05,9
Sunday,07:10,-0.00040935810534967345,9
Sunday,07:15,-0.00022342928186326066,9
Sunday,07:20,-0.00028125121272716666,9
Sunday,07:25,-0.0005528966270543772,9
Sunday,07:30,-0.0003056314940542487,9
Sunday,07:35,-0.0005016694072391024,9
Sunday,07:40,0.0001523764126028126,9
Sunday,07:45,8.300650648460797e-05,9
Sunday,07:50,0.0008602423176812432,9
Sunday,07:55,0.0006575919994665452,9
Sunday,08:00,0.0010222543330311265,9
Sunday,08:05,0.001050273243392341,9
Sunday,08:10,0.0008677829116752023,9
Sunday,08:15,0.0005849190575917466,9
Sunday,08:20,0.0005180315046296654,9
Sunday,08:25,0.0006277042255686541,9
Sunday,08:30,0.0005767500915975966,9
Sunday,08:35,0.0002672823603855681,9
Sunday,08:40,0.00035791033121566895,9
Sunday,08:45,0.0005423001366214239,9
Sunday,08:50,0.0006341366574634238,9
Sunday,08:55,0.0003169565683109797,9
Sunday,09:00,0.0006603513771173246,9
Sunday,09:05,0.0008824986181474406,9
Sunday,09:10,0.0009105321477682845,9
Sunday,09:15,0.0012676904546980866,9
Sunday,09:20,0.0013418000435887305,9
Sunday,09:25,0.0008546922236570875,9
Sunday,09:30,0.00048246237760810355,9
Sunday,09:35,-0.000140797772831361,9
Sunday,09:40,1.9574247103896304e-05,9
Sunday,09:45,-7.557636730043296e-05,9
Sunday,09:50,-0.0008432724708036914,9
Sunday,09:55,-0.0006348400384745368,9
Sunday,10:00,8.649886703424525e-05,9
Sunday,10:05,-0.0006493996480468268,9
Sunday,10:10,-0.0003074157206966507,9
Sunday,10:15,-8.948544513670423e-05,9
Sunday,10:20,-0.0005262847827952209,9
Sunday,10:25,-0.0002690740720083503,9
Sunday,10:30,-0.0006408566665389464,9
Sunday,10:35,-0.0015657403756206478,9
Sunday,10:40,-0.0004693015016468215,9
Sunday,10:45,-0.0007438575491727143,9
Sunday,10:50,-0.00075379318697318,9
Sunday,10:55,-0.0008717635241862285,9
Sunday,11:00,-0.0006676903295225959,9
Sunday,11:05,-0.0004107282373538926,9
Sunday,11:10,-0.00023849613330732063,9
Sunday,11:15,0.00011869009960817212,9
Sunday,11:20,0.00037527933108591623,9
Sunday,11:25,0.0005180817733315408,9
Sunday,11:30,0.00010587200358115915,9
Sunday,11:35,3.653603571005191e-07,9
Sunday,11:40,-0.00020463344871271994,9
Sunday,11:45,0.0003988145436134284,9
Sunday,11:50,0.0003600199560800657,9
Sunday,11:55,5.644895075761036e-05,9
Sunday,12:00,9.12929918315129e-07,9
Sunday,12:05,0.0011199474297956024,9
Sunday,12:10,0.0006968379041621109,9
Sunday,12:15,0.001049314585599367,9
Sunday,12:20,0.0009250976346771273,9
Sunday,12:25,0.0006334700752189151,9
Sunday,12:30,0.0003670718497317681,9
Sunday,12:35,-5.111019230002897e-06,9
Sunday,12:40,0.00020416520001469724,9
Sunday,12:45,0.00038419659003616295,9
Sunday,12:50,9.198776922046922e-05,9
Sunday,12:55,-0.00019782867434765423,9
Sunday,13:00,-0.00043474164805599113,9
Sunday,13:05,-0.0013945808236780397,9
Sunday,13:10,-0.0013031997988144392,9
Sunday,13:15,-0.001436862369274865,9
Sunday,13:20,-0.0016421009766493875,9
Sunday,13:25,-0.0024369903788975496,9
Sunday,13:30,-0.001924765198905856,9
Sunday,13:35,-0.0015599395524690993,9
Sunday,13:40,-0.0015119227602523192,9
Sunday,13:45,-0.0013482063648527307,9
Sunday,13:50,-0.00048584509740595385,9
Sunday,13:55,0.00017822782696523117,9
Sunday,14:00,0.00037796425143008146,9
Sunday,14:05,0.0008729516421798797,9
Sunday,14:10,0.0005469510325987306,9
Sunday,14:15,-2.133420724109429e-06,9
Sunday,14:20,-0.0003094829459943994,9
Sunday,14:25,-0.0005488475863022076,9
Sunday,14:30,-0.00045975649048248646,9
Sunday,14:35,-0.0005487269493228874,9
Sunday,14:40,-0.0006995844915691312,9
Sunday,14:45,-0.0010611865377963326,9
Sunday,14:50,-0.0011765791515036786,9
Sunday,14:55,-0.0005198533407708003,9
Sunday,15:00,-0.0011738145448896397,9
Sunday,15:05,-0.0010657222763032271,9
Sunday,15:10,-0.00015048476617391282,9
Sunday,15:15,-0.00018535283350755666,9
Sunday,15:20,0.0005303253741368571,9
Sunday,15:25,0.0004801901633474259,9
Sunday,15:30,0.0006443332842901899,9
Sunday,15:35,0.0007423020048371591,9
Sunday,15:40,0.00038990179375755015,9
Sunday,15:45,0.0018940499504715561,9
Sunday,15:50,0.00025611411674014765,9
Sunday,15:55,0.00013075727916171082,9
Sunday,16:00,-0.0009735685579561677,9
Sunday,16:05,0.001303748873533186,9
Sunday,16:10,-0.001152840559556719,9
Sunday,16:15,-0.0017988906834338248,9
Sunday,16:20,-0.00045117713019424447,9
Sunday,16:25,0.0003861293830662522,9
Sunday,16:30,0.0002898833281226554,9
Sunday,16:35,-4.245133262616488e-06,9
Sunday,16:40,0.00017468041751416886,9
Sunday,16:45,-1.0034354507466045e-06,9
Sunday,16:50,0.00012240935919173883,9
Sunday,16:55,0.0008284638769470033,9
Sunday,17:00,0.0007542598674556532,9
Sunday,17:05,0.000899563166958666,9
Sunday,17:10,0.0007801270069666727,9
Sunday,17:15,0.0002714629383538456,9
Sunday,17:20,-1.919649176454041e-05,9
Sunday,17:25,0.00016795566275407126,9
Sunday,17:30,-4.665763734517261e-05,9
Sunday,17:35,-0.00041248766468729843,9
Sunday,17:40,-0.0001928294731920575,9
Sunday,17:45,-0.00039465423405377043,9
Sunday,17:50,-0.00031448563841400095,9
Sunday,17:55,-5.49237145355916e-05,9
Sunday,18:00,0.00043887334172823344,9
Sunday,18:05,0.0008860590764018159,9
Sunday,18:10,0.0009827986297301214,9
Sunday,18:15,0.0011427315355645431,9
Sunday,18:20,0.001415302948326739,9
Sunday,18:25,0.00038258516749850157,9
Sunday,18:30,0.0007721282647022306,9
Sunday,18:35,0.0007086140831935566,9
Sunday,18:40,0.000665691853568225,9
Sunday,18:45,0.0008650015915126116,9
Sunday,18:50,0.0008610826943684531,9
Sunday,18:55,0.0009630760540192602,9
Sunday,19:00,0.0009645700130882928,9
Sunday,19:05,0.0005026329149966569,9
Sunday,19:10,0.0004429177972260294,9
Sunday,19:15,0.00023995672206897356,9
Sunday,19:20,-0.00019276926114546232,9
Sunday,19:25,-0.00036859234455959494,9
Sunday,19:30,-0.0002600591282820111,9
Sunday,19:35,-0.0002496175030349268,9
Sunday,19:40,-0.0004944409767685512,9
Sunday,19:45,-0.00019945430361070288,9
Sunday,19:50,-0.00013858407164150135,9
Sunday,19:55,0.00015308680600459226,9
Sunday,20:00,0.00023709141072936844,9
Sunday,20:05,0.00015826942538143114,9
Sunday,20:10,-0.00022571364145554086,9
Sunday,20:15,-0.0005615669908855492,9
Sunday,20:20,-0.0004213128748817445,9
Sunday,20:25,-0.0002699005103967941,9
Sunday,20:30,-0.0008235620869971762,9
Sunday,20:35,-0.00026923225419450475,9
Sunday,20:40,-1.5338567187469376e-05,9
Sunday,20:45,-0.00022452724834182296,9
Sunday,20:50,-6.585274514806045e-05,9
Sunday,20:55,-0.0004547851106458241,9
Sunday,21:00,-0.00041583883376308865,9
Sunday,21:05,-0.00036896457493795494,9
Sunday,21:10,-0.0009021526342628142,9
Sunday,21:15,-0.0007708143025852785,9
Sunday,21:20,-0.0005750343794539059,9
Sunday,21:25,-0.0008052300801079538,9
Sunday,21:30,-0.0005568777138488763,9
Sunday,21:35,-0.0003519900279850586,9
Sunday,21:40,-0.0003402648878757652,9
Sunday,21:45,-0.00045909462567698614,9
Sunday,21:50,-0.0005074116004018159,9
Sunday,21:55,-0.0008695609450321563,9
Sunday,22:00,-0.0007669795041674153,9
Sunday,22:05,-0.000886692593107992,9
Sunday,22:10,-0.0009202891661131173,9
Sunday,22:15,-0.0003100606786944494,9
Sunday,22:20,-0.00019527169080821029,9
Sunday,22:25,-0.00017857809997262435,9
Sunday,22:30,-0.0004259394326169802,9
Sunday,22:35,-0.0011083439918505077,9
Sunday,22:40,-0.0013533607950346731,9
Sunday,22:45,-0.0007257365037774632,9
Sunday,22:50,-0.00026749027856335175,9
Sunday,22:55,2.5048141720298157e-05,9
Sunday,23:00,0.0015943442462782531,9
Sunday,23:05,0.0009097984362541961,9
Sunday,23:10,0.0013128328857006694,9
Sunday,23:15,0.001771550396257618,9
Sunday,23:20,0.0007599082530686994,9
Sunday,23:25,0.0006469054632378471,9
Sunday,23:30,0.0004127454201860242,9
Sunday,23:35,0.00011878469465604691,9
Sunday,23:40,0.0010339650863700578,9
Sunday,23:45,0.0006944545024636942,9
Sunday,23:50,0.0012089065729974494,9
Sunday,23:55,0.0017987362659726935,9
Thursday,00:00,-0.00014585262822566786,8
Thursday,00:05,-0.0009002284667608388,8
Thursday,00:10,-0.0009250465528589221,8
Thursday,00:15,-0.0012251608430447185,8
Thursday,00:20,-0.0020985618205719915,8
Thursday,00:25,-0.0022103488313621696,8
Thursday,00:30,-0.002056293728248416,8
Thursday,00:35,-0.0015290641971855703,8
Thursday,00:40,-0.0013959583489405942,8
Thursday,00:45,-0.0011427788935981823,8
Thursday,00:50,-0.00010655883286686912,8
Thursday,00:55,0.00042627968011159996,8
Thursday,01:00,1.421570334074163e-05,8
Thursday,01:05,-2.9909279496043877e-05,8
Thursday,01:10,-0.0008759117988336079,8
Thursday,01:15,-0.00023560619515579739,8
Thursday,01:20,-0.0016861809147813269,8
Thursday,01:25,-0.0019318248945270483,8
Thursday,01:30,0.0005809455804628484,8
Thursday,01:35,0.001528651866824433,8
Thursday,01:40,0.0007095750227408802,8
Thursday,01:45,0.0012649592181017705,8
Thursday,01:50,0.0007289572899821669,8
Thursday,01:55,0.0006429217380021474,8
Thursday,02:00,0.0002880508886299827,8
Thursday,02:05,0.000489331275747171,8
Thursday,02:10,0.00025229097252731883,8
Thursday,02:15,0.00017756798532995243,8
Thursday,02:20,0.0006086064171297525,8
Thursday,02:25,-0.0006043471545028844,8
Thursday,02:30,-0.0003250961690041612,8
Thursday,02:35,0.001073566693077206,8
Thursday,02:40,0.001644175567739316,8
Thursday,02:45,0.0016363022149831858,8
Thursday,02:50,0.002317916960129012,8
Thursday,02:55,0.002098551332190392,8
Thursday,03:00,0.0010058120022962377,8
Thursday,03:05,-2.3366000348077042e-05,8
Thursday,03:10,-0.0019236736221438342,8
Thursday,03:15,-0.0014508032913020238,8
Thursday,03:20,0.00027711961119930025,8
Thursday,03:25,0.0002473233405744245,8
Thursday,03:30,0.000368223644311748,8
Thursday,03:35,0.0003150266528760803,8
Thursday,03:40,0.0005538854066921836,8
Thursday,03:45,3.597657811081914e-05,8
Thursday,03:50,0.00040781163732304,8
Thursday,03:55,8.315865347912677e-05,8
Thursday,04:00,9.121098873415704e-05,8
Thursday,04:05,-0.0001867221766220412,8
Thursday,04:10,-0.0001006906487798035,8
Thursday,04:15,0.0007703788873490147,8
Thursday,04:20,0.000514525252329709,8
Thursday,04:25,0.0007891130498572077,8
Thursday,04:30,7.741945650866926e-05,8
Thursday,04:35,0.00042306869711463015,8
Thursday,04:40,0.0005295586016637976,8
Thursday,04:45,-0.00012933170574311694,8
Thursday,04:50,0.0012255136592918283,8
Thursday,04:55,0.0012069065191401107,8
Thursday,05:00,0.0013385405327290126,8
Thursday,05:05,0.00034881837585529283,8
Thursday,05:10,-0.0009144493809930974,8
Thursday,05:15,-0.0011085760853080512,8
Thursday,05:20,-0.0014287219614901648,8
Thursday,05:25,-0.000296693776117586,8
Thursday,05:30,-7.88266378479874e-05,8
Thursday,05:35,-0.0006177599168987847,8
Thursday,05:40,-0.0008817960987541235,8
Thursday,05:45,-0.0009369663517201892,8
Thursday,05:50,-0.0011028463805176842,8
Thursday,05:55,-0.0010955136975880245,8
Thursday,06:00,-0.0012101569477792845,8
Thursday,06:05,-0.0007686019986490635,8
Thursday,06:10,0.0004632362090859086,8
Thursday,06:15,0.000180279639375322,8
Thursday,06:20,6.5672026960143445e-06,8
Thursday,06:25,0.0006260641592643371,8
Thursday,06:30,0.0015699496622654026,8
Thursday,06:35,0.0006936621304172109,8
Thursday,06:40,0.0009074103205845745,8
Thursday,06:45,0.0005911291543627036,8
Thursday,06:50,0.0005155570680942896,8
Thursday,06:55,0.0005744668529468682,8
Thursday,07:00,0.0004365137192613809,8
Thursday,07:05,-0.00014705858193503698,8
Thursday,07:10,0.0006060578232157637,8
Thursday,07:15,-0.0006171494782340766,8
Thursday,07:20,0.0010362851336793474,8
Thursday,07:25,0.0008285963350443157,8
Thursday,07:30,0.00044328417207047533,8
Thursday,07:35,0.00020326885728066816,8
Thursday,07:40,0.000240735983166164,8
Thursday,07:45,-0.0006551068205602833,8
Thursday,07:50,-0.0005247013769617565,8
Thursday,07:55,-0.000324850315385729,8
Thursday,08:00,-7.749543609304293e-05,8
Thursday,08:05,-0.0005315727832475558,8
Thursday,08:10,-0.0006483438940057129,8
Thursday,08:15,-0.0005045632012959497,8
Thursday,08:20,0.00040758062467310556,8
Thursday,08:25,0.0008508073430038987,8
Thursday,08:30,0.0006417554265801628,8
Thursday,08:35,0.0004608229778532422,8
Thursday,08:40,0.0005360500200717013,8
Thursday,08:45,-0.0003039472963244547,8
Thursday,08:50,-0.0003412548262369671,8
Thursday,08:55,0.00044768042446619266,8
Thursday,09:00,0.0004384089608158951,8
Thursday,09:05,-0.0003835537064983347,8
Thursday,09:10,-0.0007213841033041524,8
Thursday,09:15,-0.0005269537176082858,8
Thursday,09:20,-0.0007163356340905453,8
Thursday,09:25,-0.0003597460044509213,8
Thursday,09:30,-0.0008254436965542181,8
Thursday,09:35,-0.0001989217357297967,8
Thursday,09:40,7.963234710602838e-05,8
Thursday,09:45,-1.546512185988491e-05,8
Thursday,09:50,-0.0008493376231994982,8
Thursday,09:55,-0.00046102277556783435,8
Thursday,10:00,-0.0007716532548107685,8
Thursday,10:05,-0.0005542107926123272,8
Thursday,10:10,-0.0007749594377774798,8
Thursday,10:15,-0.0006245608204904484,8
Thursday,10:20,0.0006384956228607183,8
Thursday,10:25,0.0005251195801441219,8
Thursday,10:30,0.0006184438069276326,8
Thursday,10:35,0.00037716441876243535,8
Thursday,10:40,-0.00037901062337350325,8
Thursday,10:45,-0.0003952886127969381,8
Thursday,10:50,-0.00033618992312998595,8
Thursday,10:55,-0.00016506554969997845,8
Thursday,11:00,0.0002553494975148518,8
Thursday,11:05,0.0001606200877357395,8
Thursday,11:10,0.00047959974070499337,8
Thursday,11:15,-0.0009510150985774481,8
Thursday,11:20,-3.072391300139189e-05,8
Thursday,11:25,-0.0005984291968518145,8
Thursday,11:30,0.0001579567309113951,8
Thursday,11:35,-0.0017305089365550965,8
Thursday,11:40,-0.0006589557507198009,8
Thursday,11:45,0.00045811913238976413,8
Thursday,11:50,0.00012078921601096618,8
Thursday,11:55,0.0004479417470132374,8
Thursday,12:00,0.0005604776042517389,8
Thursday,12:05,-0.0004036434051557969,8
Thursday,12:10,0.0005840158550419847,8
Thursday,12:15,-0.00033390090395394613,8
Thursday,12:20,-0.0002925101773376373,8
Thursday,12:25,-0.0004872999767025362,8
Thursday,12:30,6.209475887025893e-05,8
Thursday,12:35,0.000260408402685057,8
Thursday,12:40,0.0007902487729072108,8
Thursday,12:45,0.0009804009646278463,8
Thursday,12:50,0.00021362059087455204,8
Thursday,12:55,-0.0002645583780343414,8
Thursday,13:00,-0.0012122470661704696,8
Thursday,13:05,-0.001546460427699165,8
Thursday,13:10,-0.0002309666928194888,8
Thursday,13:15,-0.00013684052677496455,8
Thursday,13:20,0.0008011490220196276,8
Thursday,13:25,-0.0006564707824924998,8
Thursday,13:30,0.0024767084978312595,8
Thursday,13:35,0.0011220937527933045,8
Thursday,13:40,0.0012026689333345193,8
Thursday,13:45,0.001560320591445298,8
Thursday,13:50,0.0018112420385758767,8
Thursday,13:55,0.0014341415426891856,8
Thursday,14:00,0.0005623105995837202,8
Thursday,14:05,-0.0003967246591757814,8
Thursday,14:10,-0.0021469732275819155,8
Thursday,14:15,-0.0014337212987652133,8
Thursday,14:20,-0.0011528841650439907,8
Thursday,14:25,-0.00023317945988033433,8
Thursday,14:30,-0.0006431919618251303,8
Thursday,14:35,-0.0021291166779230175,8
Thursday,14:40,-0.0011027133385044584,8
Thursday,14:45,-0.002266594618633794,8
Thursday,14:50,-0.0032206778900211452,8
Thursday,14:55,-0.004153894723765939,8
Thursday,15:00,-0.0024746293080584515,8
Thursday,15:05,-0.0009305390613146632,8
Thursday,15:10,-0.001190249420530876,8
Thursday,15:15,-0.0019911807980239316,8
Thursday,15:20,0.0015809771120035142,8
Thursday,15:25,0.0008837327068799728,8
Thursday,15:30,-0.0007966094853120909,8
Thursday,15:35,-0.0013996197144605783,8
Thursday,15:40,-0.0024623452876858854,8
Thursday,15:45,-0.001357301609897675,8
Thursday,15:50,-0.0027707970734248025,8
Thursday,15:55,-0.0012843268128311983,8
Thursday,16:00,-0.0009866464398098653,8
Thursday,16:05,-0.0009020427498178628,8
Thursday,16:10,-0.002606860698755152,8
Thursday,16:15,-0.003625405221600889,8
Thursday,16:20,-0.003681398288119065,8
Thursday,16:25,-0.0034722270612001106,8
Thursday,16:30,-0.003012621408353853,8
Thursday,16:35,-0.0037104728047358286,8
Thursday,16:40,-0.005429795682168945,8
Thursday,16:45,-0.0063118756532636955,8
Thursday,16:50,-0.0026107148020123963,8
Thursday,16:55,-0.004699477390616592,8
Thursday,17:00,-0.003558634997352153,8
Thursday,17:05,-0.0035252989297228734,8
Thursday,17:10,-0.0017121244639305296,8
Thursday,17:15,-0.0028559917531867864,8
Thursday,17:20,-0.0029568083420561863,8
Thursday,17:25,-0.0016729898776375292,8
Thursday,17:30,-0.0005944449419361644,8
Thursday,17:35,-0.0032429482527983186,8
Thursday,17:40,-0.004019577151660606,8
Thursday,17:45,-0.003418815973465335,8
Thursday,17:50,-0.0032809108586706564,8
Thursday,17:55,-0.0007577690474948333,8
Thursday,18:00,-0.0008458063796354506,8
Thursday,18:05,0.0007976446437556429,8
Thursday,18:10,0.0004746453568315196,8
Thursday,18:15,0.0009624538676482291,8
Thursday,18:20,-0.0003566400974656153,8
Thursday,18:25,0.00018950528788050995,8
Thursday,18:30,0.0007625342829782728,8
Thursday,18:35,0.0016760432147909805,8
Thursday,18:40,0.0012812357189564754,8
Thursday,18:45,0.0009567572636348113,8
Thursday,18:50,0.0024580414128359106,8
Thursday,18:55,-0.0006217942228095687,8
Thursday,19:00,-0.0008814473898937426,8
Thursday,19:05,-0.0012197076859313404,8
Thursday,19:10,-0.00046879950939463503,8
Thursday,19:15,-0.002155404502376866,8
Thursday,19:20,-0.0009117339935587956,8
Thursday,19:25,0.00010244168921120362,8
Thursday,19:30,-0.00045657751066780855,8
Thursday,19:35,-0.0005897001230123826,8
Thursday,19:40,-0.0016005803440733027,8
Thursday,19:45,-0.0010223778549928997,8
Thursday,19:50,-0.0013930805376541069,8
Thursday,19:55,-0.0020663107390605784,8
Thursday,20:00,-0.0009067165669247512,8
Thursday,20:05,-0.0010066609790143725,8
Thursday,20:10,-0.00110531255514188,8
Thursday,20:15,-0.001420916747479625,8
Thursday,20:20,-0.0016483719377016633,8
Thursday,20:25,-0.000938327746630467,8
Thursday,20:30,-0.0018911492670790919,8
Thursday,20:35,0.0007801299787556469,8
Thursday,20:40,-0.00013654696112652375,8
Thursday,20:45,6.575835981753985e-05,8
Thursday,20:50,-0.00045378667673881903,8
Thursday,20:55,-0.0006658265796703006,8
Thursday,21:00,-0.0006420643167365137,8
Thursday,21:05,0.001061664049489246,8
Thursday,21:10,0.0015017127690723747,8
Thursday,21:15,0.0016372781066532692,8
Thursday,21:20,0.0015898321489039888,8
Thursday,21:25,0.00048717451005885604,8
Thursday,21:30,0.0010530555314289308,8
Thursday,21:35,0.001854982362278128,8
Thursday,21:40,0.0016768159004787037,8
Thursday,21:45,0.002146138429351743,8
Thursday,21:50,0.00188703537474784,8
Thursday,21:55,0.0032468503304561767,8
Thursday,22:00,0.002178073536125697,8
Thursday,22:05,0.0016661601729552886,8
Thursday,22:10,0.001886695353046102,8
Thursday,22:15,0.0014113575810581623,8
Thursday,22:20,0.0018015963155472042,8
Thursday,22:25,0.0014180182245480026,8
Thursday,22:30,0.0012627504430517333,8
Thursday,22:35,0.0010385825840660487,8
Thursday,22:40,0.000719784275017368,8
Thursday,22:45,0.0009316233185292332,8
Thursday,22:50,0.0010046198139181052,8
Thursday,22:55,0.001418478130222569,8
Thursday,23:00,0.00035729079517077673,8
Thursday,23:05,0.000553167691135623,8
Thursday,23:10,-0.00013730799319567905,8
Thursday,23:15,0.001044940329912931,8
Thursday,23:20,-0.0001510912493960472,8
Thursday,23:25,0.0008293998698312016,8
Thursday,23:30,6.832044183949161e-06,8
Thursday,23:35,4.7077100822168414e-05,8
Thursday,23:40,-0.000559240355080387,8
Thursday,23:45,-4.518178778395645e-05,8
Thursday,23:50,-0.00045656014625732467,8
Thursday,23:55,-0.0018106028549147108,8
Tuesday,00:00,-0.00020705353470029338,9
Tuesday,00:05,-0.00013222006030656704,9
Tuesday,00:10,-0.0005896992590455552,9
Tuesday,00:15,-0.001091907072409736,9
Tuesday,00:20,-0.0011767118824312975,9
Tuesday,00:25,-0.0015834932078227404,9
Tuesday,00:30,-0.0021990054751893913,9
Tuesday,00:35,-0.0010769619233090605,9
Tuesday,00:40,-0.0012246564630514069,9
Tuesday,00:45,-0.001257118218716675,9
Tuesday,00:50,0.0002028572310064624,9
Tuesday,00:55,-0.00027634496094815165,9
Tuesday,01:00,0.0003358235843984911,9
Tuesday,01:05,-0.00020138291774961708,9
Tuesday,01:10,0.0010524707716192494,9
Tuesday,01:15,0.0010944015236947064,9
Tuesday,01:20,0.001581187654768804,9
Tuesday,01:25,0.001953982503301205,9
Tuesday,01:30,0.001732025798099691,9
Tuesday,01:35,0.0010849393495437766,9
Tuesday,01:40,-0.0005641343085959271,9
Tuesday,01:45,0.00037084564317442487,9
Tuesday,01:50,-0.000434265208466873,9
Tuesday,01:55,-0.0013653030530552984,9
Tuesday,02:00,-0.002177624055434361,9
Tuesday,02:05,-0.0013865346991139243,9
Tuesday,02:10,-0.0007644312857499193,9
Tuesday,02:15,-0.0002610700857517203,9
Tuesday,02:20,0.0005972379668321508,9
Tuesday,02:25,0.0008048293665024708,9
Tuesday,02:30,0.0001945359437586953,9
Tuesday,02:35,0.00026644371577224925,9
Tuesday,02:40,-0.000566476963977821,9
Tuesday,02:45,-0.0006864968554406728,9
Tuesday,02:50,-0.00040453612718936824,9
Tuesday,02:55,-0.0018377329923374278,9
Tuesday,03:00,-0.0018304179523466846,9
Tuesday,03:05,-0.0027796611152833503,9
Tuesday,03:10,-0.0024465362469183716,9
Tuesday,03:15,-9.927298454345606e-05,9
Tuesday,03:20,-0.0007830895588504042,9
Tuesday,03:25,-0.00027199561578697276,9
Tuesday,03:30,-0.00013995242299308635,9
Tuesday,03:35,-0.0007428905781538437,9
Tuesday,03:40,0.0008934310370448354,9
Tuesday,03:45,0.0016372993288440614,9
Tuesday,03:50,0.0012871035305846166,9
Tuesday,03:55,0.0017339161288459663,9
Tuesday,04:00,0.002018076753712725,9
Tuesday,04:05,0.0016632468097001224,9
Tuesday,04:10,0.001648623478050705,9
Tuesday,04:15,0.0006176608524588467,9
Tuesday,04:20,-0.00010737490331397298,9
Tuesday,04:25,-0.00043865580994806395,9
Tuesday,04:30,-0.0008217462532674158,9
Tuesday,04:35,-0.001576842081293525,9
Tuesday,04:40,-0.0018587526885776014,9
Tuesday,04:45,-0.002086709819403455,9
Tuesday,04:50,-0.002124419276506272,9
Tuesday,04:55,-0.0019504945175231644,9
Tuesday,05:00,-0.002000535789993839,9
Tuesday,05:05,-0.002667398392543178,9
Tuesday,05:10,-0.0015488423199157702,9
Tuesday,05:15,-0.0020351623459478638,9
Tuesday,05:20,-0.0019398451637278973,9
Tuesday,05:25,-0.0016885690853060934,9
Tuesday,05:30,-0.0008423491961925639,9
Tuesday,05:35,-0.0015298251566139946,9
Tuesday,05:40,-0.0009471134624030393,9
Tuesday,05:45,-0.0007059654030917473,9
Tuesday,05:50,-0.00040168630376048373,9
Tuesday,05:55,-0.00044743378407046135,9
Tuesday,06:00,-0.0011612618402848406,9
Tuesday,06:05,-0.0011954947091622982,9
Tuesday,06:10,-0.0014698121285222196,9
Tuesday,06:15,-0.0011899648540437875,9
Tuesday,06:20,-0.0009809850591716122,9
Tuesday,06:25,-0.001461599498750344,9
Tuesday,06:30,-0.000773288747187992,9
Tuesday,06:35,-0.0013665777975593269,9
Tuesday,06:40,-0.001591307435733407,9
Tuesday,06:45,-0.001234032402864857,9
Tuesday,06:50,-1.3064785016949146e-05,9
Tuesday,06:55,4.8253049376058445e-05,9
Tuesday,07:00,0.0009265892069008987,9
Tuesday,07:05,-0.00014482737282557636,9
Tuesday,07:10,0.00021250119749203328,9
Tuesday,07:15,0.00021613045767551015,9
Tuesday,07:20,-0.00021705702350080692,9
Tuesday,07:25,0.0002802740714861208,9
Tuesday,07:30,-0.000246935353458154,9
Tuesday,07:35,0.00032616219407361803,9
Tuesday,07:40,0.0005980277516060363,9
Tuesday,07:45,-0.0005014358463996801,9
Tuesday,07:50,-0.0004487887587491475,9
Tuesday,07:55,-0.00025684416558338175,9
Tuesday,08:00,-0.00038103704288214497,9
Tuesday,08:05,-0.001498698722814138,9
Tuesday,08:10,-9.854540917124464e-06,9
Tuesday,08:15,0.00043624056386499507,9
Tuesday,08:20,0.0006020861357453945,9
Tuesday,08:25,0.00016048231048302426,9
Tuesday,08:30,7.810893413032473e-06,9
Tuesday,08:35,0.0007777509055046381,9
Tuesday,08:40,0.0004492055567440811,9
Tuesday,08:45,0.00027597155679247526,9
Tuesday,08:50,-0.0007415993479105977,9
Tuesday,08:55,-0.0013425111157460102,9
Tuesday,09:00,-0.000976030551360619,9
Tuesday,09:05,-0.0012661807221000256,9
Tuesday,09:10,-0.001222427043235955,9
Tuesday,09:15,-0.0012463897454303829,9
Tuesday,09:20,-0.0009241888002533624,9
Tuesday,09:25,-0.0020553242167755128,9
Tuesday,09:30,-0.00124656355773685,9
Tuesday,09:35,-0.0008814125153889377,9
Tuesday,09:40,-0.0006321806524797872,9
Tuesday,09:45,-0.0004895938133845295,9
Tuesday,09:50,0.0002597513005168353,9
Tuesday,09:55,-0.000920553221652631,9
Tuesday,10:00,-0.00010711823632710724,9
Tuesday,10:05,-0.00015207233605154372,9
Tuesday,10:10,0.0001465395551680586,9
Tuesday,10:15,0.0004402445757252692,9
Tuesday,10:20,-3.699416437391619e-05,9
Tuesday,10:25,0.00011640948620543529,9
Tuesday,10:30,0.0002253131219567266,9
Tuesday,10:35,0.0004884756775791784,9
Tuesday,10:40,0.001217872210760492,9
Tuesday,10:45,0.0008585532246896752,9
Tuesday,10:50,0.0007804197868678442,9
Tuesday,10:55,0.0007924512823585788,9
Tuesday,11:00,0.0014239430507260581,9
Tuesday,11:05,0.001644421052036103,9
Tuesday,11:10,0.0016218065660648542,9
Tuesday,11:15,0.0010707597029217019,9
Tuesday,11:20,0.001492789737128219,9
Tuesday,11:25,0.00116641321804989,9
Tuesday,11:30,0.0014040446483911408,9
Tuesday,11:35,0.0015454334208426237,9
Tuesday,11:40,0.0010563183918085185,9
Tuesday,11:45,0.0015057675769528532,9
Tuesday,11:50,0.000944656516600496,9
Tuesday,11:55,0.0018287081640859398,9
Tuesday,12:00,0.0012749462163784645,9
Tuesday,12:05,0.001350342962331876,9
Tuesday,12:10,0.0009096706625590264,9
Tuesday,12:15,-0.000375498247886309,9
Tuesday,12:20,-0.00029416913740760385,9
Tuesday,12:25,-0.0011767225193189765,9
Tuesday,12:30,-0.001363024487703821,9
Tuesday,12:35,-0.0014699400387225875,9
Tuesday,12:40,-0.0016473120289763484,9
Tuesday,12:45,-0.0006587514935435064,9
Tuesday,12:50,-0.0007972341180167231,9
Tuesday,12:55,-0.0009376817033698056,9
Tuesday,13:00,-0.001024600692016625,9
Tuesday,13:05,-0.0016477623781189325,9
Tuesday,13:10,-0.001602509684082801,9
Tuesday,13:15,-0.00071233435012346,9
Tuesday,13:20,-0.00014799509967117517,9
Tuesday,13:25,-0.0010247288774970415,9
Tuesday,13:30,-0.0003882912896288511,9
Tuesday,13:35,-0.0015113742856488494,9
Tuesday,13:40,0.00023422348536854682,9
Tuesday,13:45,-0.0008658256709478227,9
Tuesday,13:50,-0.0010159056947668156,9
Tuesday,13:55,-0.0005449306689661467,9
Tuesday,14:00,-0.0005203116566674451,9
Tuesday,14:05,-0.00044350745405887307,9
Tuesday,14:10,-0.0002458869359556934,9
Tuesday,14:15,-0.0004471334593539209,9
Tuesday,14:20,-0.0004107558236962417,9
Tuesday,14:25,-0.0006635049380039917,9
Tuesday,14:30,-0.00018915312605161395,9
Tuesday,14:35,0.00047619815424435215,9
Tuesday,14:40,-0.0006692828132483016,9
Tuesday,14:45,-0.00016717676017635866,9
Tuesday,14:50,0.0011050608819841812,9
Tuesday,14:55,0.002741198939761642,9
Tuesday,15:00,0.002679879749623564,9
Tuesday,15:05,0.0026399532057014004,9
Tuesday,15:10,0.0017510895044908234,9
Tuesday,15:15,0.001037819259354917,9
Tuesday,15:20,0.00418590175228823,9
Tuesday,15:25,0.0035883608845270715,9
Tuesday,15:30,0.002978128093988269,9
Tuesday,15:35,0.0019851989261564715,9
Tuesday,15:40,0.002308850720539479,9
Tuesday,15:45,0.0013424385697649883,9
Tuesday,15:50,0.00014301678848260233,9
Tuesday,15:55,0.001479783890318837,9
Tuesday,16:00,0.0013206756627165246,9
Tuesday,16:05,0.0015461078198201039,9
Tuesday,16:10,0.0008742272918128232,9
Tuesday,16:15,0.0011557567756023273,9
Tuesday,16:20,0.0018874801071438818,9
Tuesday,16:25,0.0016612336986853197,9
Tuesday,16:30,0.00037511919540320364,9
Tuesday,16:35,0.0006043821248052225,9
Tuesday,16:40,-0.0002810881365724612,9
Tuesday,16:45,5.210736079730763e-05,9
Tuesday,16:50,0.0007326534256212718,9
Tuesday,16:55,0.0008026426534147804,9
Tuesday,17:00,0.0003809207653447785,9
Tuesday,17:05,0.0011752527258066937,9
Tuesday,17:10,0.0011645668115429237,9
Tuesday,17:15,0.0009889791385384453,9
Tuesday,17:20,0.0004787936343563735,8
Tuesday,17:25,-0.0009176275485331122,8
Tuesday,17:30,-0.0008986697200717173,8
Tuesday,17:35,-0.0010657759841447524,8
Tuesday,17:40,-0.002431248651611395,8
Tuesday,17:45,-0.0025782283277099374,8
Tuesday,17:50,-0.0022555517303738774,8
Tuesday,17:55,-0.002699851041990868,8
Tuesday,18:00,-0.00301935787766043,8
Tuesday,18:05,-0.0019655742261459907,8
Tuesday,18:10,-0.0014053468341459977,8
Tuesday,18:15,-4.9712456999230573e-05,8
Tuesday,18:20,0.00038729866713957525,8
Tuesday,18:25,-0.0005492686949736818,8
Tuesday,18:30,0.0012497336903551206,8
Tuesday,18:35,0.0011062323153460648,8
Tuesday,18:40,0.000239899157773207,8
Tuesday,18:45,0.0006484575859846492,8
Tuesday,18:50,0.0002139674846439138,8
Tuesday,18:55,0.001217119491657162,8
Tuesday,19:00,-0.00013729419362430592,8
Tuesday,19:05,-0.0008590793688163803,8
Tuesday,19:10,-0.0010999470512720816,8
Tuesday,19:15,-0.0009422858645814896,8
Tuesday,19:20,-0.00016652200300677257,8
Tuesday,19:25,-6.222770240537045e-05,8
Tuesday,19:30,0.0008653004857704561,8
Tuesday,19:35,-0.00019168800387541146,8
Tuesday,19:40,-0.0006431131353455751,8
Tuesday,19:45,-0.002005869525360592,8
Tuesday,19:50,3.934638011891994e-05,8
Tuesday,19:55,-0.0002806881405329423,8
Tuesday,20:00,-0.0013193782584273203,8
Tuesday,20:05,-0.001876904000613383,8
Tuesday,20:10,-0.002172459277781639,8
Tuesday,20:15,-0.0014287748272637307,8
Tuesday,20:20,-0.0016650740201448102,8
Tuesday,20:25,-0.002966308217938325,8
Tuesday,20:30,-0.0018553806435011374,8
Tuesday,20:35,-0.0028482615340407035,8
Tuesday,20:40,0.00020785789319347495,8
Tuesday,20:45,0.0006229797937414488,8
Tuesday,20:50,-0.0001273885695854471,8
Tuesday,20:55,-0.00016102064745151834,8
Tuesday,21:00,0.0001935484173797401,8
Tuesday,21:05,-0.0009196367980944806,8
Tuesday,21:10,0.00017390759097549844,8
Tuesday,21:15,0.00030597100917659534,8
Tuesday,21:20,0.0001611773633565778,8
Tuesday,21:25,-0.0003329903480315096,8
Tuesday,21:30,-0.0004466864395394022,8
Tuesday,21:35,-0.0015064147234795646,8
Tuesday,21:40,-0.0015485012896289008,8
Tuesday,21:45,-0.0017924632035816643,8
Tuesday,21:50,-0.0030141728778259294,8
Tuesday,21:55,-0.0009207529150524077,8
Tuesday,22:00,-0.0009527454654135812,8
Tuesday,22:05,0.0016685668432123721,8
Tuesday,22:10,0.0002383435363407471,8
Tuesday,22:15,-0.00022150428902024857,8
Tuesday,22:20,0.0009751677826706065,8
Tuesday,22:25,0.00191022620245871,8
Tuesday,22:30,0.001418538446222205,8
Tuesday,22:35,0.0023757202424587146,8
Tuesday,22:40,0.0026837089079095305,8
Tuesday,22:45,0.002653351910674222,8
Tuesday,22:50,0.0025019559093420463,8
Tuesday,22:55,0.0024712407152419815,8
Tuesday,23:00,0.0013028521201881203,8
Tuesday,23:05,0.0019695530188695272,8
Tuesday,23:10,-0.0003218605051691099,8
Tuesday,23:15,-1.4623642934608654e-05,8
Tuesday,23:20,-0.0005356214463167108,8
Tuesday,23:25,-0.0007761512417020478,8
Tuesday,23:30,-0.00040004036416829323,8
Tuesday,23:35,-0.0003974460879822097,8
Tuesday,23:40,-0.0004079762929573341,8
Tuesday,23:45,-0.00015083108906661347,8
Tuesday,23:50,-0.00045385227548731393,8
Tuesday,23:55,6.227254891953126e-05,8
Wednesday,00:00,0.00024320221913882398,8
Wednesday,00:05,-0.0003596911863746489,8
Wednesday,00:10,-0.0009392332822966348,8
Wednesday,00:15,-0.0017337781379768036,8
Wednesday,00:20,-0.0006445152672701657,8
Wednesday,00:25,-0.0011294717370783141,8
Wednesday,00:30,-0.0022799777069307152,8
Wednesday,00:35,-0.002081226732079116,8
Wednesday,00:40,-0.0015794376566489758,8
Wednesday,00:45,-0.0003747607121209614,8
Wednesday,00:50,-0.0006147974137505072,8
Wednesday,00:55,-0.00047394601114079325,8
Wednesday,01:00,-0.0010632486795528768,8
Wednesday,01:05,-0.000883109630463856,8
Wednesday,01:10,-0.0002812499656040141,8
Wednesday,01:15,0.0006075722334912376,8
Wednesday,01:20,0.0012113176312439982,8
Wednesday,01:25,0.00042280049233378017,8
Wednesday,01:30,0.0010195106794963903,8
Wednesday,01:35,0.0013232536632486471,8
Wednesday,01:40,0.0012053901572671492,8
Wednesday,01:45,0.0007436473227049407,8
Wednesday,01:50,0.001180836165574498,8
Wednesday,01:55,0.002172091998753733,8
Wednesday,02:00,0.0018071945546348789,8
Wednesday,02:05,0.001262395807690085,8
Wednesday,02:10,0.0014882579230938479,8
Wednesday,02:15,0.002159888724545555,8
Wednesday,02:20,0.0013375839598482363,8
Wednesday,02:25,0.0017178300810413113,8
Wednesday,02:30,0.0008603272792941921,8
Wednesday,02:35,0.0008458809029947756,8
Wednesday,02:40,-6.606252037814337e-05,8
Wednesday,02:45,-0.0006204977074413696,8
Wednesday,02:50,-0.0010500534355323088,8
Wednesday,02:55,0.0003302029260718855,8
Wednesday,03:00,-0.00017837777656616252,8
Wednesday,03:05,7.381744502548473e-05,8
Wednesday,03:10,2.4548517397085377e-05,8
Wednesday,03:15,0.0001565362433940206,8
Wednesday,03:20,0.0006158995836074625,8
Wednesday,03:25,0.0010528036723146813,8
Wednesday,03:30,0.0005241694651256539,8
Wednesday,03:35,8.057713171219494e-05,8
Wednesday,03:40,0.00010399357812855282,8
Wednesday,03:45,-2.6600858944586867e-05,8
Wednesday,03:50,0.0007548658139632233,8
Wednesday,03:55,-0.00038474916642829095,8
Wednesday,04:00,-0.0005874179467849888,8
Wednesday,04:05,-0.00032791468534334404,8
Wednesday,04:10,0.00010766801082263118,8
Wednesday,04:15,-0.0003297432644661721,8
Wednesday,04:20,-0.0013675121524728564,8
Wednesday,04:25,-0.0007805716562442999,8
Wednesday,04:30,-0.0012910908571700753,8
Wednesday,04:35,-0.0017290429662339892,8
Wednesday,04:40,-0.00045220267186189117,8
Wednesday,04:45,0.0003802152326265575,8
Wednesday,04:50,-0.0007734434333160914,8
Wednesday,04:55,-0.0007620566642416585,8
Wednesday,05:00,4.712202455118388e-05,8
Wednesday,05:05,7.135865812990722e-05,8
Wednesday,05:10,0.0009908097051985062,8
Wednesday,05:15,0.0005228377204857836,8
Wednesday,05:20,0.000802588535272371,8
Wednesday,05:25,-0.0012354294408767634,8
Wednesday,05:30,-0.0007022900829236605,8
Wednesday,05:35,-0.0010115403606465042,8
Wednesday,05:40,-0.0003456704291888624,8
Wednesday,05:45,-0.0012603936025356109,8
Wednesday,05:50,-0.0010988429815434338,8
Wednesday,05:55,-0.0007945998152898758,8
Wednesday,06:00,-0.0005047278557970523,8
Wednesday,06:05,-0.00048559624419369774,8
Wednesday,06:10,0.0007702001481655313,8
Wednesday,06:15,0.0012120228572895934,8
Wednesday,06:20,0.000619346493858366,8
Wednesday,06:25,0.0012914019644642213,8
Wednesday,06:30,0.0013652997658388337,8
Wednesday,06:35,0.0018804702861255963,8
Wednesday,06:40,0.00010605440097890341,8
Wednesday,06:45,0.0005398482462984105,8
Wednesday,06:50,0.0011617776469486534,8
Wednesday,06:55,0.0014540011903628545,8
Wednesday,07:00,0.0013529618328058262,8
Wednesday,07:05,0.000662671488247843,8
Wednesday,07:10,3.2788028032278876e-05,8
Wednesday,07:15,0.00017633465877484603,8
Wednesday,07:20,-0.00083919310803474,8
Wednesday,07:25,-0.0006746512468817037,8
Wednesday,07:30,-0.0005315126857128607,8
Wednesday,07:35,8.183006171881443e-05,8
Wednesday,07:40,0.0007057862818664207,8
Wednesday,07:45,0.00043147883296976283,8
Wednesday,07:50,0.000545046797893025,8
Wednesday,07:55,0.0011862655214885487,8
Wednesday,08:00,-0.0007089031556292283,8
Wednesday,08:05,-0.0004311509598586798,8
Wednesday,08:10,-0.0004326388766582513,8
Wednesday,08:15,-0.0004285034731793503,8
Wednesday,08:20,-0.0004453096861618633,8
Wednesday,08:25,-9.777604832204823e-05,8
Wednesday,08:30,0.0003742243583098818,8
Wednesday,08:35,-0.0006679345448859557,8
Wednesday,08:40,-0.0011507681080483575,8
Wednesday,08:45,-0.0016703515176097394,8
Wednesday,08:50,-0.0004198913832686496,8
Wednesday,08:55,-4.1285805078431786e-05,8
Wednesday,09:00,-0.0006001831884719163,8
Wednesday,09:05,0.0005189413275176649,8
Wednesday,09:10,0.0017065949398162848,8
Wednesday,09:15,0.000907801257795593,8
Wednesday,09:20,-0.00015121435479931506,8
Wednesday,09:25,0.00025779399944004464,8
Wednesday,09:30,0.00033314233784843453,8
Wednesday,09:35,0.00036957896771052496,8
Wednesday,09:40,0.0005034917757909219,8
Wednesday,09:45,0.00048091278426839096,8
Wednesday,09:50,0.0007524977896597389,8
Wednesday,09:55,0.0010748228919761531,8
Wednesday,10:00,0.0006773284518055683,8
Wednesday,10:05,0.0006504247519367683,8
Wednesday,10:10,0.0003175477378591908,8
Wednesday,10:15,0.0006377486213087287,8
Wednesday,10:20,0.00027854746473783814,8
Wednesday,10:25,0.00010971164850343397,8
Wednesday,10:30,-0.000179791094006232,8
Wednesday,10:35,-0.0005086030628856048,8
Wednesday,10:40,-0.00077653238644102,8
Wednesday,10:45,-0.0013249384845234948,8
Wednesday,10:50,-0.0018175351494314168,8
Wednesday,10:55,-1.4372681815784188e-05,8
Wednesday,11:00,-0.0015525326752518932,8
Wednesday,11:05,-0.0005897228561573724,8
Wednesday,11:10,-0.0003293382090571753,8
Wednesday,11:15,0.0002732474910580433,8
Wednesday,11:20,-7.493275831777741e-05,8
Wednesday,11:25,0.0006543719456978801,8
Wednesday,11:30,0.0006482528164717509,8
Wednesday,11:35,0.0007136021669617394,8
Wednesday,11:40,-0.00017175175372556595,8
Wednesday,11:45,0.0010905404187465128,8
Wednesday,11:50,0.0001521672141784883,8
Wednesday,11:55,0.00039837796156916706,8
Wednesday,12:00,0.000834043927337157,8
Wednesday,12:05,0.000997675871182981,8
Wednesday,12:10,0.000670500004212459,8
Wednesday,12:15,0.0002915990982355833,8
Wednesday,12:20,0.0012973797241529336,8
Wednesday,12:25,0.0006988983219521866,8
Wednesday,12:30,-0.0006375167250910529,8
Wednesday,12:35,0.00015524384875575646,8
Wednesday,12:40,-0.0009743066024401701,8
Wednesday,12:45,-0.0006795525944814988,8
Wednesday,12:50,0.0006328587429023194,8
Wednesday,12:55,0.0011660602206511048,8
Wednesday,13:00,0.0004971607166805755,8
Wednesday,13:05,0.000923896464061418,8
Wednesday,13:10,0.0005609365970418171,8
Wednesday,13:15,-9.00760374474223e-05,8
Wednesday,13:20,-0.00040821608797153493,8
Wednesday,13:25,0.0006244559766016683,8
Wednesday,13:30,2.6655273917211343e-05,8
Wednesday,13:35,-0.0003448450490676262,8
Wednesday,13:40,0.0011166718314197391,8
Wednesday,13:45,0.002206454431030148,8
Wednesday,13:50,0.0019310483137081314,8
Wednesday,13:55,0.0014191756465410017,8
Wednesday,14:00,0.00148822227311016,8
Wednesday,14:05,0.0009553587841499469,8
Wednesday,14:10,0.0001492284465615505,8
Wednesday,14:15,0.0002576178457022305,8
Wednesday,14:20,-7.447758996848876e-05,8
Wednesday,14:25,-0.0013530583130649102,8
Wednesday,14:30,0.00020725145585120182,8
Wednesday,14:35,-0.0019028951559024918,8
Wednesday,14:40,0.001012338080913302,8
Wednesday,14:45,0.0016499085037298329,8
Wednesday,14:50,0.002488008338659449,8
Wednesday,14:55,0.0014635446059941758,8
Wednesday,15:00,0.0007586386518155089,8
Wednesday,15:05,0.001447174329679469,8
Wednesday,15:10,0.002553527527998862,8
Wednesday,15:15,0.0010353103472355047,8
Wednesday,15:20,0.000869005708494456,8
Wednesday,15:25,3.2067735206219475e-05,8
Wednesday,15:30,0.0010145218576932396,8
Wednesday,15:35,0.0010510765608372447,8
Wednesday,15:40,-0.004779674958365161,8
Wednesday,15:45,-0.006932598269200346,8
Wednesday,15:50,-0.006678860457909856,8
Wednesday,15:55,-0.00808385164175452,8
Wednesday,16:00,-0.0067029342088661525,8
Wednesday,16:05,-0.0017353290148897425,8
Wednesday,16:10,-0.002489274008257658,8
Wednesday,16:15,-0.0021558659217274013,8
Wednesday,16:20,-0.00287907476574028,8
Wednesday,16:25,-0.0018138726668774792,8
Wednesday,16:30,-0.0002812049980109515,8
Wednesday,16:35,-5.177944133138404e-05,8
Wednesday,16:40,0.0003904921643380129,8
Wednesday,16:45,0.0007104288409965783,8
Wednesday,16:50,-0.0015322775642147755,8
Wednesday,16:55,-0.0011563249599779624,8
Wednesday,17:00,0.0011905451499491957,8
Wednesday,17:05,-0.0001346152518942431,8
Wednesday,17:10,-0.0012813119722186754,8
Wednesday,17:15,-0.00018240972914342746,8
Wednesday,17:20,0.0007623910380258317,8
Wednesday,17:25,0.0017946203482132317,8
Wednesday,17:30,0.001863397398961768,8
Wednesday,17:35,0.0008976682675182787,8
Wednesday,17:40,0.0008784048937126915,8
Wednesday,17:45,0.0004312332838344587,8
Wednesday,17:50,-0.0009335821068851408,8
Wednesday,17:55,0.0013031485882072783,8
Wednesday,18:00,0.0008105819194461476,8
Wednesday,18:05,0.0018200736038703608,8
Wednesday,18:10,0.0013277422630229474,8
Wednesday,18:15,0.0019869313215029223,8
Wednesday,18:20,0.0006478212516612127,8
Wednesday,18:25,0.0009632897812305185,8
Wednesday,18:30,0.0009392409064183634,8
Wednesday,18:35,0.0013197686734332966,8
Wednesday,18:40,0.0015676183927036832,8
Wednesday,18:45,0.0004856194737952252,8
Wednesday,18:50,-0.0014372626422876678,8
Wednesday,18:55,-0.0012327975109796348,8
Wednesday,19:00,0.0005419033085657351,8
Wednesday,19:05,-0.0019498820974991054,8
Wednesday,19:10,-0.0004243769201321715,8
Wednesday,19:15,-0.0007832533522732175,8
Wednesday,19:20,-0.00014148400892506684,8
Wednesday,19:25,-0.0004723108117222726,8
Wednesday,19:30,-0.0006785553900211918,8
Wednesday,19:35,-0.00040757346093561264,8
Wednesday,19:40,-0.0009362459386259195,8
Wednesday,19:45,-3.6469154031976524e-06,8
Wednesday,19:50,-0.0007462024455058532,8
Wednesday,19:55,0.0008479329300483781,8
Wednesday,20:00,0.000244747178839027,8
Wednesday,20:05,-0.000725229118176778,8
Wednesday,20:10,0.00035765296130686633,8
Wednesday,20:15,0.001691010604340392,8
Wednesday,20:20,0.0018719232113448316,8
Wednesday,20:25,0.002868175731688186,8
Wednesday,20:30,0.0031588082141008078,8
Wednesday,20:35,0.0026599914881751743,8
Wednesday,20:40,0.0018820226461704176,8
Wednesday,20:45,0.00128564143621529,8
Wednesday,20:50,0.0007561413468510155,8
Wednesday,20:55,-0.0005787210117611499,8
Wednesday,21:00,-0.0019930299093929103,8
Wednesday,21:05,-0.0013717386618578825,8
Wednesday,21:10,-0.0016133274830488565,8
Wednesday,21:15,-0.001211956410964405,8
Wednesday,21:20,-0.0006817243490781872,8
Wednesday,21:25,-0.0003338402062794625,8
Wednesday,21:30,-0.0006875830849101162,8
Wednesday,21:35,0.00020576755957769157,8
Wednesday,21:40,8.792866521385728e-05,8
Wednesday,21:45,1.3231236782402793e-06,8
Wednesday,21:50,0.0006901235042366188,8
Wednesday,21:55,0.0008481777190246545,8
Wednesday,22:00,0.0011801657546619802,8
Wednesday,22:05,0.0006373926794350297,8
Wednesday,22:10,0.0005774385522329289,8
Wednesday,22:15,-0.0007904063793075352,8
Wednesday,22:20,-0.0013341357713533206,8
Wednesday,22:25,-0.000762362358562871,8
Wednesday,22:30,-0.00017983777561449488,8
Wednesday,22:35,-0.0008685511318546619,8
Wednesday,22:40,0.0004102229662773665,8
Wednesday,22:45,0.001040918842531977,8
Wednesday,22:50,0.0016596073446114978,8
Wednesday,22:55,0.0016557600968746704,8
Wednesday,23:00,0.002110717475776636,8
Wednesday,23:05,0.0013080416813085448,8
Wednesday,23:10,0.0017213945633767133,8
Wednesday,23:15,0.001730524348749035,8
Wednesday,23:20,0.0015208024424761108,8
Wednesday,23:25,0.0015567259510746512,8
Wednesday,23:30,0.0009906852359007096,8
Wednesday,23:35,0.00018275350562728653,8
Wednesday,23:40,0.0004887310614516248,8
Wednesday,23:45,0.0009203902198504976,8
Wednesday,23:50,0.0004935392945774394,8
Wednesday,23:55,-0.00017218374207051486,8
